# Ingroup taxa: ['Clonorchis_sinensis', 'Schistosoma_mansoni', 'Opisthorchis_viverrini', 'Echinococcus_granulosus', 'Hymenolepis_microstoma', 'Taenia_solium', 'Diclidophora_denticulata', 'Protopolystoma_xenopodis', 'Eudiplozoon_nipponicum', 'Dictyocotyle_coeliaca', 'Gyrodactylus_salaris', 'Kapentagyrus_tanganicanus', 'Leptocotyle_minor']
# Outgroup taxa ['Schmidtea_mediterranea']
# tables included: ['./Opisthorchis_viverrini/run_O_viverrini/full_table_O_viverrini.tsv', './Eudiplozoon_nipponicum/run_E_nipponium/full_table_E_nipponium.tsv', './Leptocotyle_minor/run_Leptocotyle_minor/full_table_Leptocotyle_minor.tsv', './Hymenolepis_microstoma/run_H_microstoma/full_table_H_microstoma.tsv', './Gyrodactylus_salaris/run_Gyrodactylus_salaris_GCA_000715275.1/full_table_Gyrodactylus_salaris_GCA_000715275.1.tsv', './Clonorchis_sinensis/run_C.sinensis.GCA_003604175.1/full_table_C.sinensis.GCA_003604175.1.tsv', './Kapentagyrus_tanganicanus/run_Kapentagyrus_tanganicanus/full_table_Kapentagyrus_tanganicanus.tsv', './Protopolystoma_xenopodis/run_Protopolystoma_xenopodis_GCA_900617795.1/full_table_Protopolystoma_xenopodis_GCA_900617795.1.tsv', './Dictyocotyle_coeliaca/run_Dictyocotyle_coeliaca/full_table_Dictyocotyle_coeliaca.tsv', './Echinococcus_granulosus/run_E_granulosus.E_granulosus.ASM52419/full_table_E_granulosus.E_granulosus.ASM52419.tsv', './Schmidtea_mediterranea/run_Schmidtea_mediterranea/full_table_Schmidtea_mediterranea.GCA_002600895.1.tsv', './Taenia_solium/run_Taenia_solium_GCA_001870725.1/full_table_Taenia_solium_GCA_001870725.1.tsv', './Diclidophora_denticulata/run_Diclidophora_denticulata/full_table_Diclidophora_denticulata.tsv', './Schistosoma_mansoni/run_S_mansoni/full_table_S_mansoni.S_mansoni.GCF.tsv']
# maximum number of ingroup samples with missing data: 4
# maximum number of outgroup samples with missing data: 0
# maximum average number of paralogs: 2
# maximum median number of paralogs: 1
#
# found BUSCO table for taxon Opisthorchis_viverrini -> ingroup
# found BUSCO table for taxon Eudiplozoon_nipponicum -> ingroup
# found BUSCO table for taxon Leptocotyle_minor -> ingroup
# found BUSCO table for taxon Hymenolepis_microstoma -> ingroup
# found BUSCO table for taxon Gyrodactylus_salaris -> ingroup
# found BUSCO table for taxon Clonorchis_sinensis -> ingroup
# found BUSCO table for taxon Kapentagyrus_tanganicanus -> ingroup
# found BUSCO table for taxon Protopolystoma_xenopodis -> ingroup
# found BUSCO table for taxon Dictyocotyle_coeliaca -> ingroup
# found BUSCO table for taxon Echinococcus_granulosus -> ingroup
# found BUSCO table for taxon Schmidtea_mediterranea -> outgroup
# found BUSCO table for taxon Taenia_solium -> ingroup
# found BUSCO table for taxon Diclidophora_denticulata -> ingroup
# found BUSCO table for taxon Schistosoma_mansoni -> ingroup
## BUSCO ID	n ingroup	n outgroup	paralog counts(sorted)	avg. paralogs	median paralogs
EOG091G00GM	8	1	[1, 1, 1, 1, 1, 1, 1, 1, 2]	1.111111	1.000000	fail (count)
EOG091G00Q0	10	1	[1, 1, 1, 1, 1, 1, 1, 1, 1, 1, 2]	1.090909	1.000000	pass
EOG091G00UD	10	1	[1, 1, 1, 1, 1, 1, 1, 1, 1, 1, 1]	1.000000	1.000000	pass
EOG091G00Z3	10	1	[1, 1, 1, 1, 1, 1, 1, 1, 1, 1, 1]	1.000000	1.000000	pass
EOG091G011X	9	1	[1, 1, 1, 1, 1, 1, 1, 1, 1, 1]	1.000000	1.000000	pass
EOG091G017G	12	1	[1, 1, 1, 1, 1, 1, 1, 1, 1, 1, 1, 1, 1]	1.000000	1.000000	pass
EOG091G017T	11	1	[1, 1, 1, 1, 1, 1, 1, 1, 1, 1, 1, 2]	1.083333	1.000000	pass
EOG091G01EW	10	1	[1, 1, 1, 1, 1, 1, 1, 1, 1, 1, 1]	1.000000	1.000000	pass
EOG091G01IW	13	1	[1, 1, 1, 1, 1, 1, 1, 1, 1, 1, 1, 1, 1, 1]	1.000000	1.000000	pass
EOG091G01TH	10	1	[1, 1, 1, 1, 1, 1, 1, 1, 1, 1, 1]	1.000000	1.000000	pass
EOG091G01TX	6	1	[1, 1, 1, 1, 1, 1, 3]	1.285714	1.000000	fail (count)
EOG091G01XD	8	1	[1, 1, 1, 1, 1, 1, 1, 1, 1]	1.000000	1.000000	fail (count)
EOG091G01XI	9	1	[1, 1, 1, 1, 1, 1, 1, 1, 1, 1]	1.000000	1.000000	pass
EOG091G024J	8	1	[1, 1, 1, 1, 1, 1, 1, 1, 1]	1.000000	1.000000	fail (count)
EOG091G027G	13	1	[1, 1, 1, 1, 1, 1, 1, 1, 1, 1, 1, 1, 1, 1]	1.000000	1.000000	pass
EOG091G02B4	7	1	[1, 1, 1, 1, 1, 1, 1, 1]	1.000000	1.000000	fail (count)
EOG091G02LY	10	1	[1, 1, 1, 1, 1, 1, 1, 1, 1, 1, 1]	1.000000	1.000000	pass
EOG091G02MR	8	1	[1, 1, 1, 1, 1, 1, 1, 1, 1]	1.000000	1.000000	fail (count)
EOG091G02O5	10	1	[1, 1, 1, 1, 1, 1, 1, 1, 1, 1, 1]	1.000000	1.000000	pass
EOG091G02UC	8	1	[1, 1, 1, 1, 1, 1, 1, 1, 1]	1.000000	1.000000	fail (count)
EOG091G02V5	10	1	[1, 1, 1, 1, 1, 1, 1, 1, 1, 1, 1]	1.000000	1.000000	pass
EOG091G02ZI	9	1	[1, 1, 1, 1, 1, 1, 1, 1, 1, 2]	1.100000	1.000000	pass
EOG091G0307	10	1	[1, 1, 1, 1, 1, 1, 1, 1, 1, 2, 3]	1.272727	1.000000	pass
EOG091G031X	7	1	[1, 1, 1, 1, 1, 1, 1, 1]	1.000000	1.000000	fail (count)
EOG091G0321	10	1	[1, 1, 1, 1, 1, 1, 1, 1, 1, 1, 2]	1.090909	1.000000	pass
EOG091G036A	8	1	[1, 1, 1, 1, 1, 1, 1, 1, 1]	1.000000	1.000000	fail (count)
EOG091G036C	8	1	[1, 1, 1, 1, 1, 1, 1, 1, 1]	1.000000	1.000000	fail (count)
EOG091G036T	8	1	[1, 1, 1, 1, 1, 1, 1, 1, 1]	1.000000	1.000000	fail (count)
EOG091G03AN	11	1	[1, 1, 1, 1, 1, 1, 1, 1, 1, 1, 1, 2]	1.083333	1.000000	pass
EOG091G03B9	10	1	[1, 1, 1, 1, 1, 1, 1, 1, 1, 1, 2]	1.090909	1.000000	pass
EOG091G03I1	10	1	[1, 1, 1, 1, 1, 1, 1, 1, 1, 1, 1]	1.000000	1.000000	pass
EOG091G03JF	10	1	[1, 1, 1, 1, 1, 1, 1, 1, 1, 1, 1]	1.000000	1.000000	pass
EOG091G03JX	8	0	[1, 1, 1, 1, 1, 1, 1, 1]	1.000000	1.000000	fail (count)
EOG091G03M4	11	1	[1, 1, 1, 1, 1, 1, 1, 1, 1, 1, 1, 3]	1.166667	1.000000	pass
EOG091G03PD	10	1	[1, 1, 1, 1, 1, 1, 1, 1, 1, 1, 1]	1.000000	1.000000	pass
EOG091G03RW	10	1	[1, 1, 1, 1, 1, 1, 1, 1, 1, 1, 1]	1.000000	1.000000	pass
EOG091G03SE	7	1	[1, 1, 1, 1, 1, 1, 1, 1]	1.000000	1.000000	fail (count)
EOG091G03TZ	10	1	[1, 1, 1, 1, 1, 1, 1, 1, 1, 1, 1]	1.000000	1.000000	pass
EOG091G040G	10	1	[1, 1, 1, 1, 1, 1, 1, 1, 1, 1, 1]	1.000000	1.000000	pass
EOG091G040L	8	1	[1, 1, 1, 1, 1, 1, 1, 1, 1]	1.000000	1.000000	fail (count)
EOG091G046Y	9	1	[1, 1, 1, 1, 1, 1, 1, 1, 1, 1]	1.000000	1.000000	pass
EOG091G04EX	10	1	[1, 1, 1, 1, 1, 1, 1, 1, 1, 1, 3]	1.181818	1.000000	pass
EOG091G04GW	9	1	[1, 1, 1, 1, 1, 1, 1, 1, 1, 1]	1.000000	1.000000	pass
EOG091G04RS	8	1	[1, 1, 1, 1, 1, 1, 1, 1, 1]	1.000000	1.000000	fail (count)
EOG091G0530	10	1	[1, 1, 1, 1, 1, 1, 1, 1, 1, 1, 1]	1.000000	1.000000	pass
EOG091G053A	10	1	[1, 1, 1, 1, 1, 1, 1, 1, 1, 1, 1]	1.000000	1.000000	pass
EOG091G053R	8	1	[1, 1, 1, 1, 1, 1, 1, 1, 1]	1.000000	1.000000	fail (count)
EOG091G057L	9	1	[1, 1, 1, 1, 1, 1, 1, 1, 1, 1]	1.000000	1.000000	pass
EOG091G05AA	11	1	[1, 1, 1, 1, 1, 1, 1, 1, 1, 1, 1, 1]	1.000000	1.000000	pass
EOG091G05AH	11	1	[1, 1, 1, 1, 1, 1, 1, 1, 1, 1, 1, 1]	1.000000	1.000000	pass
EOG091G05D7	8	1	[1, 1, 1, 1, 1, 1, 1, 1, 1]	1.000000	1.000000	fail (count)
EOG091G05EU	9	1	[1, 1, 1, 1, 1, 1, 1, 1, 1, 2]	1.100000	1.000000	pass
EOG091G05GZ	10	1	[1, 1, 1, 1, 1, 1, 1, 1, 1, 1, 1]	1.000000	1.000000	pass
EOG091G05K5	12	1	[1, 1, 1, 1, 1, 1, 1, 1, 1, 1, 1, 1, 1]	1.000000	1.000000	pass
EOG091G05KR	11	1	[1, 1, 1, 1, 1, 1, 1, 1, 1, 1, 1, 1]	1.000000	1.000000	pass
EOG091G05NK	11	1	[1, 1, 1, 1, 1, 1, 1, 1, 1, 1, 1, 1]	1.000000	1.000000	pass
EOG091G05NZ	10	1	[1, 1, 1, 1, 1, 1, 1, 1, 1, 1, 1]	1.000000	1.000000	pass
EOG091G05OR	11	1	[1, 1, 1, 1, 1, 1, 1, 1, 1, 1, 1, 3]	1.166667	1.000000	pass
EOG091G05OW	12	1	[1, 1, 1, 1, 1, 1, 1, 1, 1, 1, 1, 1, 1]	1.000000	1.000000	pass
EOG091G05Q0	9	1	[1, 1, 1, 1, 1, 1, 1, 1, 1, 12]	2.100000	1.000000	fail (average)
EOG091G05Q6	10	1	[1, 1, 1, 1, 1, 1, 1, 1, 1, 1, 1]	1.000000	1.000000	pass
EOG091G05UF	6	1	[1, 1, 1, 1, 1, 1, 1]	1.000000	1.000000	fail (count)
EOG091G05YC	9	1	[1, 1, 1, 1, 1, 1, 1, 1, 1, 1]	1.000000	1.000000	pass
EOG091G06HP	10	1	[1, 1, 1, 1, 1, 1, 1, 1, 1, 1, 2]	1.090909	1.000000	pass
EOG091G06I3	7	1	[1, 1, 1, 1, 1, 1, 1, 1]	1.000000	1.000000	fail (count)
EOG091G06M8	10	1	[1, 1, 1, 1, 1, 1, 1, 1, 1, 1, 1]	1.000000	1.000000	pass
EOG091G06OM	8	1	[1, 1, 1, 1, 1, 1, 1, 1, 2]	1.111111	1.000000	fail (count)
EOG091G06ON	11	1	[1, 1, 1, 1, 1, 1, 1, 1, 1, 1, 1, 1]	1.000000	1.000000	pass
EOG091G06QP	9	1	[1, 1, 1, 1, 1, 1, 1, 1, 1, 2]	1.100000	1.000000	pass
EOG091G06S3	11	1	[1, 1, 1, 1, 1, 1, 1, 1, 1, 1, 1, 1]	1.000000	1.000000	pass
EOG091G06U0	11	1	[1, 1, 1, 1, 1, 1, 1, 1, 1, 1, 1, 1]	1.000000	1.000000	pass
EOG091G06Y7	9	1	[1, 1, 1, 1, 1, 1, 1, 1, 1, 1]	1.000000	1.000000	pass
EOG091G073F	10	1	[1, 1, 1, 1, 1, 1, 1, 1, 1, 1, 2]	1.090909	1.000000	pass
EOG091G074U	9	1	[1, 1, 1, 1, 1, 1, 1, 1, 1, 1]	1.000000	1.000000	pass
EOG091G075F	9	1	[1, 1, 1, 1, 1, 1, 1, 1, 1, 2]	1.100000	1.000000	pass
EOG091G07IK	10	1	[1, 1, 1, 1, 1, 1, 1, 1, 1, 1, 1]	1.000000	1.000000	pass
EOG091G07IY	3	1	[1, 1, 1, 1]	1.000000	1.000000	fail (count)
EOG091G07KC	8	1	[1, 1, 1, 1, 1, 1, 1, 1, 2]	1.111111	1.000000	fail (count)
EOG091G07NJ	9	1	[1, 1, 1, 1, 1, 1, 1, 1, 1, 1]	1.000000	1.000000	pass
EOG091G07OD	11	1	[1, 1, 1, 1, 1, 1, 1, 1, 1, 1, 1, 1]	1.000000	1.000000	pass
EOG091G07S9	11	1	[1, 1, 1, 1, 1, 1, 1, 1, 1, 1, 1, 2]	1.083333	1.000000	pass
EOG091G07VQ	11	1	[1, 1, 1, 1, 1, 1, 1, 1, 1, 1, 1, 1]	1.000000	1.000000	pass
EOG091G07Z1	6	1	[1, 1, 1, 1, 1, 1, 1]	1.000000	1.000000	fail (count)
EOG091G07Z5	10	1	[1, 1, 1, 1, 1, 1, 1, 1, 1, 1, 1]	1.000000	1.000000	pass
EOG091G085U	10	1	[1, 1, 1, 1, 1, 1, 1, 1, 1, 1, 1]	1.000000	1.000000	pass
EOG091G087E	5	0	[1, 1, 1, 1, 1]	1.000000	1.000000	fail (count)
EOG091G089T	4	0	[1, 1, 1, 1]	1.000000	1.000000	fail (count)
EOG091G08BK	10	1	[1, 1, 1, 1, 1, 1, 1, 1, 1, 1, 2]	1.090909	1.000000	pass
EOG091G08D1	9	0	[1, 1, 1, 1, 1, 1, 1, 1, 1]	1.000000	1.000000	fail (count)
EOG091G08LT	9	1	[1, 1, 1, 1, 1, 1, 1, 1, 1, 2]	1.100000	1.000000	pass
EOG091G08O3	11	1	[1, 1, 1, 1, 1, 1, 1, 1, 1, 1, 1, 1]	1.000000	1.000000	pass
EOG091G08RU	10	1	[1, 1, 1, 1, 1, 1, 1, 1, 1, 1, 1]	1.000000	1.000000	pass
EOG091G08ZG	10	1	[1, 1, 1, 1, 1, 1, 1, 1, 1, 1, 2]	1.090909	1.000000	pass
EOG091G0977	9	1	[1, 1, 1, 1, 1, 1, 1, 1, 1, 1]	1.000000	1.000000	pass
EOG091G0990	10	1	[1, 1, 1, 1, 1, 1, 1, 1, 1, 1, 1]	1.000000	1.000000	pass
EOG091G09D8	8	1	[1, 1, 1, 1, 1, 1, 1, 1, 1]	1.000000	1.000000	fail (count)
EOG091G09GO	9	1	[1, 1, 1, 1, 1, 1, 1, 1, 1, 1]	1.000000	1.000000	pass
EOG091G09HG	13	1	[1, 1, 1, 1, 1, 2, 2, 2, 3, 3, 3, 4, 5, 9]	2.714286	2.000000	fail (average) (median)
EOG091G09HR	9	1	[1, 1, 1, 1, 1, 1, 1, 1, 1, 2]	1.100000	1.000000	pass
EOG091G09MU	12	1	[1, 1, 1, 1, 1, 1, 1, 1, 1, 1, 1, 1, 1]	1.000000	1.000000	pass
EOG091G09RJ	11	1	[1, 1, 1, 1, 1, 1, 1, 1, 1, 1, 1, 3]	1.166667	1.000000	pass
EOG091G09T3	4	1	[1, 1, 1, 1, 1]	1.000000	1.000000	fail (count)
EOG091G09T6	8	1	[1, 1, 1, 1, 1, 1, 1, 1, 1]	1.000000	1.000000	fail (count)
EOG091G09YB	4	0	[1, 1, 1, 1]	1.000000	1.000000	fail (count)
EOG091G0A19	9	1	[1, 1, 1, 1, 1, 1, 1, 1, 1, 1]	1.000000	1.000000	pass
EOG091G0A2I	12	1	[1, 1, 1, 1, 1, 1, 1, 1, 1, 1, 1, 1, 1]	1.000000	1.000000	pass
EOG091G0A2L	9	1	[1, 1, 1, 1, 1, 1, 1, 1, 1, 1]	1.000000	1.000000	pass
EOG091G0A98	9	1	[1, 1, 1, 1, 1, 1, 1, 1, 1, 1]	1.000000	1.000000	pass
EOG091G0AE9	9	1	[1, 1, 1, 1, 1, 1, 1, 1, 1, 1]	1.000000	1.000000	pass
EOG091G0AFP	12	1	[1, 1, 1, 1, 1, 1, 1, 1, 1, 1, 1, 1, 1]	1.000000	1.000000	pass
EOG091G0AJ6	6	1	[1, 1, 1, 1, 1, 1, 1]	1.000000	1.000000	fail (count)
EOG091G0AKM	8	1	[1, 1, 1, 1, 1, 1, 1, 1, 1]	1.000000	1.000000	fail (count)
EOG091G0AKW	13	1	[1, 1, 1, 1, 1, 1, 1, 1, 1, 1, 1, 1, 1, 2]	1.071429	1.000000	pass
EOG091G0AO6	8	1	[1, 1, 1, 1, 1, 1, 1, 1, 1]	1.000000	1.000000	fail (count)
EOG091G0AQA	9	1	[1, 1, 1, 1, 1, 1, 1, 1, 1, 1]	1.000000	1.000000	pass
EOG091G0AU6	8	0	[1, 1, 1, 1, 1, 1, 1, 1]	1.000000	1.000000	fail (count)
EOG091G0AYM	4	1	[1, 1, 1, 1, 1]	1.000000	1.000000	fail (count)
EOG091G0B27	11	1	[1, 1, 1, 1, 1, 1, 1, 1, 1, 1, 1, 1]	1.000000	1.000000	pass
EOG091G0B2N	13	1	[1, 1, 1, 1, 1, 1, 1, 1, 1, 1, 1, 1, 1, 2]	1.071429	1.000000	pass
EOG091G0BAG	8	1	[1, 1, 1, 1, 1, 1, 1, 1, 1]	1.000000	1.000000	fail (count)
EOG091G0BHP	11	1	[1, 1, 1, 1, 1, 1, 1, 1, 1, 1, 1, 1]	1.000000	1.000000	pass
EOG091G0BHV	11	1	[1, 1, 1, 1, 1, 1, 1, 1, 1, 1, 1, 1]	1.000000	1.000000	pass
EOG091G0BKZ	11	1	[1, 1, 1, 1, 1, 1, 1, 1, 1, 1, 1, 1]	1.000000	1.000000	pass
EOG091G0BL9	8	1	[1, 1, 1, 1, 1, 1, 1, 1, 1]	1.000000	1.000000	fail (count)
EOG091G0BNI	7	0	[1, 1, 1, 1, 1, 1, 1]	1.000000	1.000000	fail (count)
EOG091G0BUD	12	1	[1, 1, 1, 1, 1, 1, 1, 1, 1, 1, 1, 2, 6]	1.461538	1.000000	pass
EOG091G0C84	9	1	[1, 1, 1, 1, 1, 1, 1, 1, 1, 1]	1.000000	1.000000	pass
EOG091G0C8H	11	1	[1, 1, 1, 1, 1, 1, 1, 1, 1, 1, 1, 1]	1.000000	1.000000	pass
EOG091G0CAR	10	1	[1, 1, 1, 1, 1, 1, 1, 1, 1, 1, 1]	1.000000	1.000000	pass
EOG091G0CEW	9	1	[1, 1, 1, 1, 1, 1, 1, 1, 1, 1]	1.000000	1.000000	pass
EOG091G0CFP	10	1	[1, 1, 1, 1, 1, 1, 1, 1, 1, 1, 1]	1.000000	1.000000	pass
EOG091G0CH6	5	1	[1, 1, 1, 1, 1, 1]	1.000000	1.000000	fail (count)
EOG091G0CNT	9	1	[1, 1, 1, 1, 1, 1, 1, 1, 1, 1]	1.000000	1.000000	pass
EOG091G0CSZ	5	1	[1, 1, 1, 1, 1, 1]	1.000000	1.000000	fail (count)
EOG091G0CTG	11	1	[1, 1, 1, 1, 1, 1, 1, 1, 1, 1, 1, 1]	1.000000	1.000000	pass
EOG091G0CZX	11	1	[1, 1, 1, 1, 1, 1, 1, 1, 1, 1, 1, 1]	1.000000	1.000000	pass
EOG091G0D04	8	1	[1, 1, 1, 1, 1, 1, 1, 1, 2]	1.111111	1.000000	fail (count)
EOG091G0D0D	6	0	[1, 1, 1, 1, 1, 1]	1.000000	1.000000	fail (count)
EOG091G0D26	10	1	[1, 1, 1, 1, 1, 1, 1, 1, 1, 1, 1]	1.000000	1.000000	pass
EOG091G0D4N	8	1	[1, 1, 1, 1, 1, 1, 1, 1, 1]	1.000000	1.000000	fail (count)
EOG091G0DQ3	8	1	[1, 1, 1, 1, 1, 1, 1, 1, 2]	1.111111	1.000000	fail (count)
EOG091G0DRZ	8	1	[1, 1, 1, 1, 1, 1, 1, 1, 1]	1.000000	1.000000	fail (count)
EOG091G0DTP	12	1	[1, 1, 1, 1, 1, 1, 1, 1, 1, 1, 1, 1, 1]	1.000000	1.000000	pass
EOG091G0DVQ	11	1	[1, 1, 1, 1, 1, 1, 1, 1, 1, 1, 1, 2]	1.083333	1.000000	pass
EOG091G0DXV	10	1	[1, 1, 1, 1, 1, 1, 1, 1, 1, 1, 1]	1.000000	1.000000	pass
EOG091G0DYW	12	1	[1, 1, 1, 1, 1, 1, 1, 1, 1, 1, 1, 1, 1]	1.000000	1.000000	pass
EOG091G0E06	9	1	[1, 1, 1, 1, 1, 1, 1, 1, 1, 1]	1.000000	1.000000	pass
EOG091G0EH8	11	1	[1, 1, 1, 1, 1, 1, 1, 1, 1, 1, 1, 1]	1.000000	1.000000	pass
EOG091G0EHZ	11	1	[1, 1, 1, 1, 1, 1, 1, 1, 1, 1, 1, 1]	1.000000	1.000000	pass
EOG091G0ERU	6	1	[1, 1, 1, 1, 1, 1, 1]	1.000000	1.000000	fail (count)
EOG091G0ES6	11	1	[1, 1, 1, 1, 1, 1, 1, 1, 1, 1, 1, 1]	1.000000	1.000000	pass
EOG091G0EVK	10	1	[1, 1, 1, 1, 1, 1, 1, 1, 1, 1, 1]	1.000000	1.000000	pass
EOG091G0EZ8	7	1	[1, 1, 1, 1, 1, 1, 1, 1]	1.000000	1.000000	fail (count)
EOG091G0EZO	9	1	[1, 1, 1, 1, 1, 1, 1, 1, 1, 2]	1.100000	1.000000	pass
EOG091G0FIJ	9	1	[1, 1, 1, 1, 1, 1, 1, 1, 1, 1]	1.000000	1.000000	pass
EOG091G0G3M	9	1	[1, 1, 1, 1, 1, 1, 1, 1, 2, 2]	1.200000	1.000000	pass
EOG091G0G6C	10	1	[1, 1, 1, 1, 1, 1, 1, 1, 1, 1, 1]	1.000000	1.000000	pass
EOG091G0G6Z	9	1	[1, 1, 1, 1, 1, 1, 1, 1, 1, 2]	1.100000	1.000000	pass
EOG091G0G8R	10	1	[1, 1, 1, 1, 1, 1, 1, 1, 1, 1, 1]	1.000000	1.000000	pass
EOG091G0GDF	9	1	[1, 1, 1, 1, 1, 1, 1, 1, 1, 1]	1.000000	1.000000	pass
EOG091G0GKH	10	1	[1, 1, 1, 1, 1, 1, 1, 1, 1, 1, 1]	1.000000	1.000000	pass
EOG091G0GOU	11	1	[1, 1, 1, 1, 1, 1, 1, 1, 1, 1, 1, 1]	1.000000	1.000000	pass
EOG091G0GQO	9	1	[1, 1, 1, 1, 1, 1, 1, 1, 1, 1]	1.000000	1.000000	pass
EOG091G0GVZ	9	1	[1, 1, 1, 1, 1, 1, 1, 1, 2, 2]	1.200000	1.000000	pass
EOG091G0GWO	11	1	[1, 1, 1, 1, 1, 1, 1, 1, 1, 1, 1, 1]	1.000000	1.000000	pass
EOG091G0GY1	8	1	[1, 1, 1, 1, 1, 1, 1, 1, 1]	1.000000	1.000000	fail (count)
EOG091G0H62	9	1	[1, 1, 1, 1, 1, 1, 1, 1, 1, 1]	1.000000	1.000000	pass
EOG091G0H6A	10	1	[1, 1, 1, 1, 1, 1, 1, 1, 1, 1, 2]	1.090909	1.000000	pass
EOG091G0H8F	11	1	[1, 1, 1, 1, 1, 1, 1, 1, 1, 1, 1, 1]	1.000000	1.000000	pass
EOG091G0HC5	8	1	[1, 1, 1, 1, 1, 1, 1, 1, 1]	1.000000	1.000000	fail (count)
EOG091G0HJH	8	1	[1, 1, 1, 1, 1, 1, 1, 1, 1]	1.000000	1.000000	fail (count)
EOG091G0HOK	8	1	[1, 1, 1, 1, 1, 1, 1, 1, 1]	1.000000	1.000000	fail (count)
EOG091G0HS8	7	1	[1, 1, 1, 1, 1, 1, 1, 1]	1.000000	1.000000	fail (count)
EOG091G0HXI	12	1	[1, 1, 1, 1, 1, 1, 1, 1, 1, 1, 1, 1, 2]	1.076923	1.000000	pass
EOG091G0I2X	8	1	[1, 1, 1, 1, 1, 1, 1, 1, 1]	1.000000	1.000000	fail (count)
EOG091G0I8J	12	1	[1, 1, 1, 1, 1, 1, 1, 1, 1, 1, 1, 1, 2]	1.076923	1.000000	pass
EOG091G0IDP	10	1	[1, 1, 1, 1, 1, 1, 1, 1, 1, 1, 2]	1.090909	1.000000	pass
EOG091G0IHL	7	1	[1, 1, 1, 1, 1, 1, 1, 1]	1.000000	1.000000	fail (count)
EOG091G0II3	9	1	[1, 1, 1, 1, 1, 1, 1, 1, 1, 2]	1.100000	1.000000	pass
EOG091G0ILG	9	1	[1, 1, 1, 1, 1, 1, 1, 1, 1, 2]	1.100000	1.000000	pass
EOG091G0IQ7	10	1	[1, 1, 1, 1, 1, 1, 1, 1, 1, 1, 1]	1.000000	1.000000	pass
EOG091G0IRO	8	1	[1, 1, 1, 1, 1, 1, 1, 1, 1]	1.000000	1.000000	fail (count)
EOG091G0ITS	10	1	[1, 1, 1, 1, 1, 1, 1, 1, 1, 1, 2]	1.090909	1.000000	pass
EOG091G0IX8	6	1	[1, 1, 1, 1, 1, 1, 3]	1.285714	1.000000	fail (count)
EOG091G0IZX	9	1	[1, 1, 1, 1, 1, 1, 1, 1, 1, 1]	1.000000	1.000000	pass
EOG091G0J09	7	1	[1, 1, 1, 1, 1, 1, 1, 1]	1.000000	1.000000	fail (count)
EOG091G0J14	10	1	[1, 1, 1, 1, 1, 1, 1, 1, 1, 1, 1]	1.000000	1.000000	pass
EOG091G0J2W	12	1	[1, 1, 1, 1, 1, 1, 1, 1, 1, 1, 1, 1, 1]	1.000000	1.000000	pass
EOG091G0JBZ	9	0	[1, 1, 1, 1, 1, 1, 1, 1, 1]	1.000000	1.000000	fail (count)
EOG091G0JEC	9	1	[1, 1, 1, 1, 1, 1, 1, 1, 1, 1]	1.000000	1.000000	pass
EOG091G0JGU	7	1	[1, 1, 1, 1, 1, 1, 1, 1]	1.000000	1.000000	fail (count)
EOG091G0JI1	9	1	[1, 1, 1, 1, 1, 1, 1, 1, 1, 1]	1.000000	1.000000	pass
EOG091G0JU7	8	1	[1, 1, 1, 1, 1, 1, 1, 1, 1]	1.000000	1.000000	fail (count)
EOG091G0K1H	5	1	[1, 1, 1, 1, 1, 1]	1.000000	1.000000	fail (count)
EOG091G0K2R	10	1	[1, 1, 1, 1, 1, 1, 1, 1, 1, 1, 1]	1.000000	1.000000	pass
EOG091G0K82	10	1	[1, 1, 1, 1, 1, 1, 1, 1, 1, 1, 3]	1.181818	1.000000	pass
EOG091G0K95	11	1	[1, 1, 1, 1, 1, 1, 1, 1, 1, 1, 1, 1]	1.000000	1.000000	pass
EOG091G0K9M	10	1	[1, 1, 1, 1, 1, 1, 1, 1, 1, 2, 2]	1.181818	1.000000	pass
EOG091G0KGO	12	1	[1, 1, 1, 1, 1, 1, 1, 1, 1, 1, 1, 1, 1]	1.000000	1.000000	pass
EOG091G0KM6	6	1	[1, 1, 1, 1, 1, 1, 1]	1.000000	1.000000	fail (count)
EOG091G0KRB	10	1	[1, 1, 1, 1, 1, 1, 1, 1, 1, 1, 1]	1.000000	1.000000	pass
EOG091G0KSX	9	1	[1, 1, 1, 1, 1, 1, 1, 1, 1, 1]	1.000000	1.000000	pass
EOG091G0KVW	11	1	[1, 1, 1, 1, 1, 1, 1, 1, 1, 1, 1, 11]	1.833333	1.000000	pass
EOG091G0L2T	5	1	[1, 1, 1, 1, 1, 1]	1.000000	1.000000	fail (count)
EOG091G0LKE	10	1	[1, 1, 1, 1, 1, 1, 1, 1, 1, 1, 1]	1.000000	1.000000	pass
EOG091G0LO1	5	1	[1, 1, 1, 1, 1, 1]	1.000000	1.000000	fail (count)
EOG091G0LP5	9	1	[1, 1, 1, 1, 1, 1, 1, 1, 1, 2]	1.100000	1.000000	pass
EOG091G0LS0	12	1	[1, 1, 1, 1, 1, 1, 1, 1, 1, 1, 1, 1, 2]	1.076923	1.000000	pass
EOG091G0LT1	11	1	[1, 1, 1, 1, 1, 1, 1, 1, 1, 1, 1, 1]	1.000000	1.000000	pass
EOG091G0LZ0	9	1	[1, 1, 1, 1, 1, 1, 1, 1, 1, 1]	1.000000	1.000000	pass
EOG091G0M04	8	1	[1, 1, 1, 1, 1, 1, 1, 1, 1]	1.000000	1.000000	fail (count)
EOG091G0M0J	7	1	[1, 1, 1, 1, 1, 1, 1, 1]	1.000000	1.000000	fail (count)
EOG091G0M0T	7	1	[1, 1, 1, 1, 1, 1, 1, 2]	1.125000	1.000000	fail (count)
EOG091G0M12	11	1	[1, 1, 1, 1, 1, 1, 1, 1, 1, 1, 1, 1]	1.000000	1.000000	pass
EOG091G0M22	11	1	[1, 1, 1, 1, 1, 1, 1, 1, 2, 2, 2, 2]	1.333333	1.000000	pass
EOG091G0M4K	10	1	[1, 1, 1, 1, 1, 1, 1, 1, 1, 1, 3]	1.181818	1.000000	pass
EOG091G0M8S	8	1	[1, 1, 1, 1, 1, 1, 1, 1, 1]	1.000000	1.000000	fail (count)
EOG091G0MB2	8	1	[1, 1, 1, 1, 1, 1, 1, 1, 1]	1.000000	1.000000	fail (count)
EOG091G0MBG	7	1	[1, 1, 1, 1, 1, 1, 1, 1]	1.000000	1.000000	fail (count)
EOG091G0MDG	10	1	[1, 1, 1, 1, 1, 1, 1, 1, 1, 1, 1]	1.000000	1.000000	pass
EOG091G0MDT	10	1	[1, 1, 1, 1, 1, 1, 1, 1, 1, 1, 1]	1.000000	1.000000	pass
EOG091G0MKY	10	1	[1, 1, 1, 1, 1, 1, 1, 1, 1, 1, 2]	1.090909	1.000000	pass
EOG091G0MMY	8	1	[1, 1, 1, 1, 1, 1, 1, 1, 2]	1.111111	1.000000	fail (count)
EOG091G0MP6	11	1	[1, 1, 1, 1, 1, 1, 1, 1, 1, 1, 1, 1]	1.000000	1.000000	pass
EOG091G0MSB	12	1	[1, 1, 1, 1, 1, 1, 1, 1, 1, 1, 1, 1, 2]	1.076923	1.000000	pass
EOG091G0MSR	3	1	[1, 1, 1, 1]	1.000000	1.000000	fail (count)
EOG091G0MVL	11	1	[1, 1, 1, 1, 1, 1, 1, 1, 1, 1, 1, 1]	1.000000	1.000000	pass
EOG091G0MVR	12	0	[1, 1, 1, 1, 1, 1, 1, 1, 1, 1, 1, 1]	1.000000	1.000000	fail (count)
EOG091G0MY0	10	1	[1, 1, 1, 1, 1, 1, 1, 1, 1, 1, 1]	1.000000	1.000000	pass
EOG091G0MY8	10	1	[1, 1, 1, 1, 1, 1, 1, 1, 1, 1, 1]	1.000000	1.000000	pass
EOG091G0MZC	11	1	[1, 1, 1, 1, 1, 1, 1, 1, 1, 1, 1, 1]	1.000000	1.000000	pass
EOG091G0N0A	12	1	[1, 1, 1, 1, 1, 1, 1, 1, 1, 1, 1, 1, 1]	1.000000	1.000000	pass
EOG091G0N0R	10	1	[1, 1, 1, 1, 1, 1, 1, 1, 1, 1, 2]	1.090909	1.000000	pass
EOG091G0NIY	7	1	[1, 1, 1, 1, 1, 1, 1, 1]	1.000000	1.000000	fail (count)
EOG091G0NK3	12	1	[1, 1, 1, 1, 1, 1, 1, 1, 1, 1, 1, 1, 1]	1.000000	1.000000	pass
EOG091G0NKD	10	1	[1, 1, 1, 1, 1, 1, 1, 1, 1, 1, 1]	1.000000	1.000000	pass
EOG091G0NMJ	11	1	[1, 1, 1, 1, 1, 1, 1, 1, 1, 1, 1, 1]	1.000000	1.000000	pass
EOG091G0NNO	9	1	[1, 1, 1, 1, 1, 1, 1, 1, 1, 2]	1.100000	1.000000	pass
EOG091G0NVA	9	1	[1, 1, 1, 1, 1, 1, 1, 1, 1, 1]	1.000000	1.000000	pass
EOG091G0O6E	9	1	[1, 1, 1, 1, 1, 1, 1, 1, 1, 1]	1.000000	1.000000	pass
EOG091G0OHF	9	1	[1, 1, 1, 1, 1, 1, 1, 1, 1, 1]	1.000000	1.000000	pass
EOG091G0OWI	10	1	[1, 1, 1, 1, 1, 1, 1, 1, 1, 1, 1]	1.000000	1.000000	pass
EOG091G0PAG	10	1	[1, 1, 1, 1, 1, 1, 1, 1, 1, 1, 3]	1.181818	1.000000	pass
EOG091G0PEI	11	1	[1, 1, 1, 1, 1, 1, 1, 1, 1, 1, 1, 1]	1.000000	1.000000	pass
EOG091G0PHL	9	1	[1, 1, 1, 1, 1, 1, 1, 1, 1, 1]	1.000000	1.000000	pass
EOG091G0PL0	6	1	[1, 1, 1, 1, 1, 1, 1]	1.000000	1.000000	fail (count)
EOG091G0PNO	11	1	[1, 1, 1, 1, 1, 1, 1, 1, 1, 1, 1, 2]	1.083333	1.000000	pass
EOG091G0QE1	13	1	[1, 1, 1, 1, 1, 1, 1, 1, 1, 1, 1, 1, 1, 2]	1.071429	1.000000	pass
EOG091G0QGZ	13	1	[1, 1, 1, 1, 1, 1, 1, 1, 1, 1, 1, 1, 1, 1]	1.000000	1.000000	pass
EOG091G0QIP	9	1	[1, 1, 1, 1, 1, 1, 1, 1, 1, 2]	1.100000	1.000000	pass
EOG091G0QJA	12	1	[1, 1, 1, 1, 1, 1, 1, 1, 1, 1, 1, 1, 2]	1.076923	1.000000	pass
EOG091G0QKK	12	1	[1, 1, 1, 1, 1, 1, 1, 1, 1, 1, 1, 1, 1]	1.000000	1.000000	pass
EOG091G0QPG	9	1	[1, 1, 1, 1, 1, 1, 1, 1, 1, 1]	1.000000	1.000000	pass
EOG091G0QRW	10	1	[1, 1, 1, 1, 1, 1, 1, 1, 1, 1, 2]	1.090909	1.000000	pass
EOG091G0QUH	9	1	[1, 1, 1, 1, 1, 1, 1, 1, 1, 2]	1.100000	1.000000	pass
EOG091G0QW9	11	1	[1, 1, 1, 1, 1, 1, 1, 1, 1, 1, 1, 1]	1.000000	1.000000	pass
EOG091G0QZ2	10	1	[1, 1, 1, 1, 1, 1, 1, 1, 1, 1, 1]	1.000000	1.000000	pass
EOG091G0R04	10	1	[1, 1, 1, 1, 1, 1, 1, 1, 1, 1, 1]	1.000000	1.000000	pass
EOG091G0R0A	7	1	[1, 1, 1, 1, 1, 1, 1, 2]	1.125000	1.000000	fail (count)
EOG091G0R21	10	1	[1, 1, 1, 1, 1, 1, 1, 1, 1, 1, 1]	1.000000	1.000000	pass
EOG091G0RA2	11	1	[1, 1, 1, 1, 1, 1, 1, 1, 1, 1, 1, 1]	1.000000	1.000000	pass
EOG091G0RHX	9	1	[1, 1, 1, 1, 1, 1, 1, 1, 1, 1]	1.000000	1.000000	pass
EOG091G0RI9	8	0	[1, 1, 1, 1, 1, 1, 1, 1]	1.000000	1.000000	fail (count)
EOG091G0RKU	5	1	[1, 1, 1, 1, 1, 1]	1.000000	1.000000	fail (count)
EOG091G0RPE	11	0	[1, 1, 1, 1, 1, 1, 1, 1, 1, 1, 1]	1.000000	1.000000	fail (count)
EOG091G0RR3	10	1	[1, 1, 1, 1, 1, 1, 1, 1, 1, 1, 1]	1.000000	1.000000	pass
EOG091G0RRE	10	1	[1, 1, 1, 1, 1, 1, 1, 1, 1, 1, 1]	1.000000	1.000000	pass
EOG091G0RTZ	10	1	[1, 1, 1, 1, 1, 1, 1, 1, 1, 1, 1]	1.000000	1.000000	pass
EOG091G0RWW	9	0	[1, 1, 1, 1, 1, 1, 1, 1, 1]	1.000000	1.000000	fail (count)
EOG091G0S0I	7	1	[1, 1, 1, 1, 1, 1, 2, 2]	1.250000	1.000000	fail (count)
EOG091G0S8Y	10	1	[1, 1, 1, 1, 1, 1, 1, 1, 1, 1, 1]	1.000000	1.000000	pass
EOG091G0SBR	10	1	[1, 1, 1, 1, 1, 1, 1, 1, 1, 1, 1]	1.000000	1.000000	pass
EOG091G0SGH	8	1	[1, 1, 1, 1, 1, 1, 1, 1, 1]	1.000000	1.000000	fail (count)
EOG091G0SRJ	8	1	[1, 1, 1, 1, 1, 1, 1, 1, 2]	1.111111	1.000000	fail (count)
EOG091G0SRZ	11	1	[1, 1, 1, 1, 1, 1, 1, 1, 1, 1, 1, 1]	1.000000	1.000000	pass
EOG091G0SU6	11	1	[1, 1, 1, 1, 1, 1, 1, 1, 1, 1, 1, 1]	1.000000	1.000000	pass
EOG091G0TCJ	9	1	[1, 1, 1, 1, 1, 1, 1, 1, 1, 1]	1.000000	1.000000	pass
EOG091G0TNU	12	1	[1, 1, 1, 1, 1, 1, 1, 1, 1, 1, 1, 1, 1]	1.000000	1.000000	pass
EOG091G0TRW	11	1	[1, 1, 1, 1, 1, 1, 1, 1, 1, 1, 1, 1]	1.000000	1.000000	pass
EOG091G0TSE	11	1	[1, 1, 1, 1, 1, 1, 1, 1, 1, 1, 1, 1]	1.000000	1.000000	pass
EOG091G0TVG	10	1	[1, 1, 1, 1, 1, 1, 1, 1, 1, 1, 1]	1.000000	1.000000	pass
EOG091G0TWR	11	1	[1, 1, 1, 1, 1, 1, 1, 1, 1, 1, 1, 1]	1.000000	1.000000	pass
EOG091G0TZX	12	1	[1, 1, 1, 1, 1, 1, 1, 1, 1, 1, 1, 1, 1]	1.000000	1.000000	pass
EOG091G0U4B	8	1	[1, 1, 1, 1, 1, 1, 1, 1, 1]	1.000000	1.000000	fail (count)
EOG091G0U75	11	1	[1, 1, 1, 1, 1, 1, 1, 1, 1, 1, 1, 1]	1.000000	1.000000	pass
EOG091G0UKP	11	1	[1, 1, 1, 1, 1, 1, 1, 1, 1, 1, 1, 1]	1.000000	1.000000	pass
EOG091G0UQZ	10	1	[1, 1, 1, 1, 1, 1, 1, 1, 1, 1, 1]	1.000000	1.000000	pass
EOG091G0UYL	10	1	[1, 1, 1, 1, 1, 1, 1, 1, 1, 1, 2]	1.090909	1.000000	pass
EOG091G0UZ0	6	1	[1, 1, 1, 1, 1, 1, 1]	1.000000	1.000000	fail (count)
EOG091G0V3C	8	0	[1, 1, 1, 1, 1, 1, 1, 1]	1.000000	1.000000	fail (count)
EOG091G0VGJ	9	1	[1, 1, 1, 1, 1, 1, 1, 1, 1, 1]	1.000000	1.000000	pass
EOG091G0VIF	10	1	[1, 1, 1, 1, 1, 1, 1, 1, 1, 1, 1]	1.000000	1.000000	pass
EOG091G0VNB	10	1	[1, 1, 1, 1, 1, 1, 1, 1, 1, 1, 1]	1.000000	1.000000	pass
EOG091G0VQK	9	1	[1, 1, 1, 1, 1, 1, 1, 1, 1, 1]	1.000000	1.000000	pass
EOG091G0VSZ	12	1	[1, 1, 1, 1, 1, 1, 1, 1, 1, 1, 1, 1, 1]	1.000000	1.000000	pass
EOG091G0VTN	11	1	[1, 1, 1, 1, 1, 1, 1, 1, 1, 1, 1, 2]	1.083333	1.000000	pass
EOG091G0W5M	7	1	[1, 1, 1, 1, 1, 1, 1, 1]	1.000000	1.000000	fail (count)
EOG091G0W6G	12	1	[1, 1, 1, 1, 1, 1, 1, 1, 1, 1, 1, 1, 1]	1.000000	1.000000	pass
EOG091G0WLL	12	1	[1, 1, 1, 1, 1, 1, 1, 1, 1, 1, 1, 1, 2]	1.076923	1.000000	pass
EOG091G0WT4	10	1	[1, 1, 1, 1, 1, 1, 1, 1, 1, 2, 2]	1.181818	1.000000	pass
EOG091G0WZ0	10	0	[1, 1, 1, 1, 1, 1, 1, 1, 1, 1]	1.000000	1.000000	fail (count)
EOG091G0X8F	11	1	[1, 1, 1, 1, 1, 1, 1, 1, 1, 1, 1, 2]	1.083333	1.000000	pass
EOG091G0XN1	12	1	[1, 1, 1, 1, 1, 1, 1, 1, 1, 1, 1, 2, 2]	1.153846	1.000000	pass
EOG091G0XQ3	10	1	[1, 1, 1, 1, 1, 1, 1, 1, 1, 1, 1]	1.000000	1.000000	pass
EOG091G0XXM	6	1	[1, 1, 1, 1, 1, 1, 1]	1.000000	1.000000	fail (count)
EOG091G0XZC	7	1	[1, 1, 1, 1, 1, 1, 2, 2]	1.250000	1.000000	fail (count)
EOG091G0Y05	12	1	[1, 1, 1, 1, 1, 1, 1, 1, 1, 1, 1, 1, 1]	1.000000	1.000000	pass
EOG091G0Y09	12	1	[1, 1, 1, 1, 1, 1, 1, 1, 1, 1, 1, 1, 1]	1.000000	1.000000	pass
EOG091G0YU6	13	1	[1, 1, 1, 1, 1, 1, 1, 1, 1, 1, 1, 1, 1, 1]	1.000000	1.000000	pass
EOG091G0YUO	8	1	[1, 1, 1, 1, 1, 1, 1, 1, 1]	1.000000	1.000000	fail (count)
EOG091G0YVI	11	1	[1, 1, 1, 1, 1, 1, 1, 1, 1, 1, 1, 1]	1.000000	1.000000	pass
EOG091G0YZ0	10	1	[1, 1, 1, 1, 1, 1, 1, 1, 1, 1, 1]	1.000000	1.000000	pass
EOG091G0Z4E	10	1	[1, 1, 1, 1, 1, 1, 1, 1, 1, 1, 2]	1.090909	1.000000	pass
EOG091G0Z6N	8	1	[1, 1, 1, 1, 1, 1, 1, 1, 1]	1.000000	1.000000	fail (count)
EOG091G0ZLI	11	1	[1, 1, 1, 1, 1, 1, 1, 1, 1, 1, 1, 2]	1.083333	1.000000	pass
EOG091G0ZUA	11	1	[1, 1, 1, 1, 1, 1, 1, 1, 1, 1, 1, 1]	1.000000	1.000000	pass
EOG091G10CG	10	1	[1, 1, 1, 1, 1, 1, 1, 1, 1, 1, 1]	1.000000	1.000000	pass
EOG091G10FG	12	1	[1, 1, 1, 1, 1, 1, 1, 1, 1, 1, 1, 1, 1]	1.000000	1.000000	pass
EOG091G10IX	9	1	[1, 1, 1, 1, 1, 1, 1, 1, 1, 1]	1.000000	1.000000	pass
EOG091G10SA	7	1	[1, 1, 1, 1, 1, 1, 1, 2]	1.125000	1.000000	fail (count)
EOG091G113O	12	1	[1, 1, 1, 1, 1, 1, 1, 1, 1, 1, 1, 1, 1]	1.000000	1.000000	pass
EOG091G114S	12	1	[1, 1, 1, 1, 1, 1, 1, 1, 1, 1, 1, 1, 2]	1.076923	1.000000	pass
EOG091G11CG	12	1	[1, 1, 1, 1, 1, 1, 1, 1, 1, 1, 1, 2, 2]	1.153846	1.000000	pass
EOG091G11OU	11	1	[1, 1, 1, 1, 1, 1, 1, 1, 1, 1, 1, 1]	1.000000	1.000000	pass
EOG091G11QL	4	0	[1, 1, 1, 1]	1.000000	1.000000	fail (count)
EOG091G126L	7	1	[1, 1, 1, 1, 1, 1, 1, 1]	1.000000	1.000000	fail (count)
EOG091G1285	11	1	[1, 1, 1, 1, 1, 1, 1, 1, 1, 1, 1, 1]	1.000000	1.000000	pass
EOG091G12A5	9	1	[1, 1, 1, 1, 1, 1, 1, 1, 1, 1]	1.000000	1.000000	pass
EOG091G1311	8	1	[1, 1, 1, 1, 1, 1, 2, 2, 2]	1.333333	1.000000	fail (count)
EOG091G132G	9	1	[1, 1, 1, 1, 1, 1, 1, 1, 1, 1]	1.000000	1.000000	pass
EOG091G146E	12	1	[1, 1, 1, 1, 1, 1, 1, 1, 1, 2, 2, 2, 2]	1.307692	1.000000	pass
EOG091G15HV	10	1	[1, 1, 1, 1, 1, 1, 1, 1, 1, 1, 3]	1.181818	1.000000	pass
EOG091G15KV	12	0	[1, 1, 1, 1, 1, 1, 1, 1, 1, 1, 1, 1]	1.000000	1.000000	fail (count)
EOG091G15N9	10	1	[1, 1, 1, 1, 1, 1, 1, 1, 1, 1, 2]	1.090909	1.000000	pass
EOG091G17K3	11	1	[1, 1, 1, 1, 1, 1, 1, 1, 1, 1, 1, 1]	1.000000	1.000000	pass
EOG091G1817	10	1	[1, 1, 1, 1, 1, 1, 1, 1, 1, 1, 1]	1.000000	1.000000	pass
EOG091G18B1	1	0	[1]	1.000000	1.000000	fail (count)
EOG091G19Y2	11	1	[1, 1, 1, 1, 1, 1, 1, 1, 1, 1, 2, 2]	1.166667	1.000000	pass
EOG091G1A1V	12	1	[1, 1, 1, 1, 1, 1, 1, 1, 1, 1, 1, 1, 1]	1.000000	1.000000	pass
EOG091G1AP6	12	1	[1, 1, 1, 1, 1, 1, 1, 1, 1, 1, 1, 1, 2]	1.076923	1.000000	pass
EOG091G00CM	5	1	[1, 1, 1, 1, 1, 1]	1.000000	1.000000	fail (count)
EOG091G020Y	8	1	[1, 1, 1, 1, 1, 1, 1, 1, 1]	1.000000	1.000000	fail (count)
EOG091G026F	6	1	[1, 1, 1, 1, 1, 1, 1]	1.000000	1.000000	fail (count)
EOG091G02IP	10	1	[1, 1, 1, 1, 1, 1, 1, 2, 2, 2, 3]	1.454545	1.000000	pass
EOG091G03C7	6	1	[1, 1, 1, 1, 1, 1, 1]	1.000000	1.000000	fail (count)
EOG091G03FL	10	1	[1, 1, 1, 1, 1, 1, 1, 1, 1, 1, 2]	1.090909	1.000000	pass
EOG091G03QC	11	1	[1, 1, 1, 1, 1, 1, 1, 1, 1, 1, 1, 2]	1.083333	1.000000	pass
EOG091G04FV	9	1	[1, 1, 1, 1, 1, 1, 1, 1, 1, 1]	1.000000	1.000000	pass
EOG091G05T4	11	1	[1, 1, 1, 1, 1, 1, 1, 1, 2, 2, 3, 3]	1.500000	1.000000	pass
EOG091G05TG	10	1	[1, 1, 1, 1, 1, 1, 1, 1, 1, 1, 2]	1.090909	1.000000	pass
EOG091G06EF	10	1	[1, 1, 1, 1, 1, 1, 1, 1, 1, 1, 1]	1.000000	1.000000	pass
EOG091G06LW	8	1	[1, 1, 1, 1, 1, 1, 1, 1, 1]	1.000000	1.000000	fail (count)
EOG091G07Z0	10	1	[1, 1, 1, 1, 1, 1, 1, 1, 1, 1, 1]	1.000000	1.000000	pass
EOG091G081H	6	0	[1, 1, 1, 1, 1, 1]	1.000000	1.000000	fail (count)
EOG091G08FX	12	1	[1, 1, 1, 1, 1, 1, 1, 1, 1, 1, 1, 1, 1]	1.000000	1.000000	pass
EOG091G099D	8	1	[1, 1, 1, 1, 1, 1, 1, 1, 1]	1.000000	1.000000	fail (count)
EOG091G09J7	5	1	[1, 1, 1, 1, 1, 1]	1.000000	1.000000	fail (count)
EOG091G09O7	8	1	[1, 1, 1, 1, 1, 1, 1, 1, 1]	1.000000	1.000000	fail (count)
EOG091G09QO	10	1	[1, 1, 1, 1, 1, 1, 1, 1, 1, 1, 1]	1.000000	1.000000	pass
EOG091G09R0	8	1	[1, 1, 1, 1, 1, 1, 1, 1, 1]	1.000000	1.000000	fail (count)
EOG091G0AHJ	9	1	[1, 1, 1, 1, 1, 1, 1, 1, 1, 2]	1.100000	1.000000	pass
EOG091G0BAM	10	1	[1, 1, 1, 1, 1, 1, 1, 1, 1, 1, 2]	1.090909	1.000000	pass
EOG091G0BKX	6	1	[1, 1, 1, 1, 1, 1, 1]	1.000000	1.000000	fail (count)
EOG091G0BTX	11	1	[1, 1, 1, 1, 1, 1, 1, 1, 1, 1, 1, 1]	1.000000	1.000000	pass
EOG091G0D8I	11	1	[1, 1, 1, 1, 1, 1, 1, 1, 1, 1, 1, 3]	1.166667	1.000000	pass
EOG091G0DBF	5	1	[1, 1, 1, 1, 1, 1]	1.000000	1.000000	fail (count)
EOG091G0E11	10	1	[1, 1, 1, 1, 1, 1, 1, 1, 1, 1, 1]	1.000000	1.000000	pass
EOG091G0ER1	12	1	[1, 1, 1, 1, 1, 1, 1, 1, 1, 1, 1, 1, 1]	1.000000	1.000000	pass
EOG091G0FJB	10	1	[1, 1, 1, 1, 1, 1, 1, 1, 1, 1, 1]	1.000000	1.000000	pass
EOG091G0FPV	6	1	[1, 1, 1, 1, 1, 1, 2]	1.142857	1.000000	fail (count)
EOG091G0FQ2	11	1	[1, 1, 1, 1, 1, 1, 1, 1, 1, 1, 1, 1]	1.000000	1.000000	pass
EOG091G0FTU	9	1	[1, 1, 1, 1, 1, 1, 1, 1, 1, 2]	1.100000	1.000000	pass
EOG091G0HAI	11	1	[1, 1, 1, 1, 1, 1, 1, 1, 1, 1, 1, 1]	1.000000	1.000000	pass
EOG091G0HT4	2	1	[1, 1, 1]	1.000000	1.000000	fail (count)
EOG091G0IMD	9	1	[1, 1, 1, 1, 1, 1, 1, 1, 1, 1]	1.000000	1.000000	pass
EOG091G0IVB	10	1	[1, 1, 1, 1, 1, 1, 1, 1, 1, 1, 1]	1.000000	1.000000	pass
EOG091G0J56	3	0	[1, 1, 1]	1.000000	1.000000	fail (count)
EOG091G0K1G	11	1	[1, 1, 1, 1, 1, 1, 1, 1, 1, 1, 1, 1]	1.000000	1.000000	pass
EOG091G0K6O	10	1	[1, 1, 1, 1, 1, 1, 1, 1, 1, 1, 1]	1.000000	1.000000	pass
EOG091G0KSQ	9	1	[1, 1, 1, 1, 1, 1, 1, 1, 1, 1]	1.000000	1.000000	pass
EOG091G0L5X	7	1	[1, 1, 1, 1, 1, 1, 1, 1]	1.000000	1.000000	fail (count)
EOG091G0L66	11	1	[1, 1, 1, 1, 1, 1, 1, 1, 1, 1, 1, 2]	1.083333	1.000000	pass
EOG091G0LCK	9	0	[1, 1, 1, 1, 1, 1, 1, 1, 1]	1.000000	1.000000	fail (count)
EOG091G0LCT	8	1	[1, 1, 1, 1, 1, 1, 1, 1, 1]	1.000000	1.000000	fail (count)
EOG091G0LRI	9	1	[1, 1, 1, 1, 1, 1, 1, 1, 1, 2]	1.100000	1.000000	pass
EOG091G0MBX	2	0	[1, 1]	1.000000	1.000000	fail (count)
EOG091G0MCM	11	1	[1, 1, 1, 1, 1, 1, 1, 1, 1, 1, 2, 2]	1.166667	1.000000	pass
EOG091G0MRS	12	1	[1, 1, 1, 1, 1, 1, 1, 1, 1, 2, 2, 3, 3]	1.461538	1.000000	pass
EOG091G0N9D	10	1	[1, 1, 1, 1, 1, 1, 1, 1, 1, 1, 1]	1.000000	1.000000	pass
EOG091G0NTO	12	1	[1, 1, 1, 1, 1, 1, 1, 1, 1, 1, 1, 1, 1]	1.000000	1.000000	pass
EOG091G0O5A	6	1	[1, 1, 1, 1, 1, 1, 1]	1.000000	1.000000	fail (count)
EOG091G0OI8	11	1	[1, 1, 1, 1, 1, 1, 1, 1, 1, 1, 1, 2]	1.083333	1.000000	pass
EOG091G0P5H	3	1	[1, 1, 1, 1]	1.000000	1.000000	fail (count)
EOG091G0QCX	8	1	[1, 1, 1, 1, 1, 1, 1, 1, 1]	1.000000	1.000000	fail (count)
EOG091G0QEQ	10	1	[1, 1, 1, 1, 1, 1, 1, 1, 1, 1, 2]	1.090909	1.000000	pass
EOG091G0QNW	4	0	[1, 1, 1, 1]	1.000000	1.000000	fail (count)
EOG091G0QS6	9	1	[1, 1, 1, 1, 1, 1, 1, 1, 1, 1]	1.000000	1.000000	pass
EOG091G0RCI	9	1	[1, 1, 1, 1, 1, 1, 1, 1, 1, 1]	1.000000	1.000000	pass
EOG091G0RM8	10	1	[1, 1, 1, 1, 1, 1, 1, 1, 1, 1, 1]	1.000000	1.000000	pass
EOG091G0RRN	9	1	[1, 1, 1, 1, 1, 1, 1, 1, 2, 3]	1.300000	1.000000	pass
EOG091G0RVD	9	1	[1, 1, 1, 1, 1, 1, 1, 1, 1, 1]	1.000000	1.000000	pass
EOG091G0SNM	9	1	[1, 1, 1, 1, 1, 1, 1, 1, 1, 1]	1.000000	1.000000	pass
EOG091G0TKH	11	1	[1, 1, 1, 1, 1, 1, 1, 1, 1, 1, 1, 1]	1.000000	1.000000	pass
EOG091G0TQF	12	1	[1, 1, 1, 1, 1, 1, 1, 1, 1, 1, 1, 1, 3]	1.153846	1.000000	pass
EOG091G0UB5	10	1	[1, 1, 1, 1, 1, 1, 1, 1, 1, 1, 2]	1.090909	1.000000	pass
EOG091G0UE6	9	1	[1, 1, 1, 1, 1, 1, 1, 1, 1, 1]	1.000000	1.000000	pass
EOG091G0VZF	10	1	[1, 1, 1, 1, 1, 1, 1, 1, 1, 1, 1]	1.000000	1.000000	pass
EOG091G0W8V	8	1	[1, 1, 1, 1, 1, 1, 1, 1, 1]	1.000000	1.000000	fail (count)
EOG091G0X1V	1	0	[1]	1.000000	1.000000	fail (count)
EOG091G0X3B	11	1	[1, 1, 1, 1, 1, 1, 1, 1, 1, 1, 1, 2]	1.083333	1.000000	pass
EOG091G0XXE	8	1	[1, 1, 1, 1, 1, 1, 1, 1, 1]	1.000000	1.000000	fail (count)
EOG091G0XYP	5	1	[1, 1, 1, 1, 1, 1]	1.000000	1.000000	fail (count)
EOG091G0ZLQ	9	1	[1, 1, 1, 1, 1, 1, 1, 1, 1, 1]	1.000000	1.000000	pass
EOG091G0ZRG	10	1	[1, 1, 1, 1, 1, 1, 1, 1, 1, 1, 1]	1.000000	1.000000	pass
EOG091G107U	11	1	[1, 1, 1, 1, 1, 1, 1, 1, 1, 1, 1, 3]	1.166667	1.000000	pass
EOG091G112U	10	1	[1, 1, 1, 1, 1, 1, 1, 1, 1, 1, 2]	1.090909	1.000000	pass
EOG091G1144	10	0	[1, 1, 1, 1, 1, 1, 1, 1, 1, 2]	1.100000	1.000000	fail (count)
EOG091G11CO	5	1	[1, 1, 1, 1, 1, 1]	1.000000	1.000000	fail (count)
EOG091G134K	12	1	[1, 1, 1, 1, 1, 1, 1, 1, 1, 1, 1, 1, 1]	1.000000	1.000000	pass
EOG091G1467	4	1	[1, 1, 1, 1, 1]	1.000000	1.000000	fail (count)
EOG091G14DH	3	1	[1, 1, 1, 1]	1.000000	1.000000	fail (count)
EOG091G15XS	6	1	[1, 1, 1, 1, 1, 1, 1]	1.000000	1.000000	fail (count)
EOG091G17I3	1	0	[1]	1.000000	1.000000	fail (count)
EOG091G184V	9	1	[1, 1, 1, 1, 1, 1, 1, 1, 1, 1]	1.000000	1.000000	pass
EOG091G18BK	8	1	[1, 1, 1, 1, 1, 1, 1, 1, 1]	1.000000	1.000000	fail (count)
EOG091G197A	11	1	[1, 1, 1, 1, 1, 1, 1, 1, 1, 1, 1, 1]	1.000000	1.000000	pass
EOG091G01VH	10	1	[1, 1, 1, 1, 1, 1, 1, 1, 1, 1, 1]	1.000000	1.000000	pass
EOG091G01XQ	11	1	[1, 1, 1, 1, 1, 1, 1, 1, 1, 1, 1, 2]	1.083333	1.000000	pass
EOG091G038T	11	1	[1, 1, 1, 1, 1, 1, 1, 1, 1, 1, 1, 2]	1.083333	1.000000	pass
EOG091G03D7	4	1	[1, 1, 1, 1, 1]	1.000000	1.000000	fail (count)
EOG091G03Z1	10	1	[1, 1, 1, 1, 1, 1, 1, 1, 1, 1, 1]	1.000000	1.000000	pass
EOG091G03ZS	11	1	[1, 1, 1, 1, 1, 1, 1, 1, 1, 1, 1, 1]	1.000000	1.000000	pass
EOG091G05RA	9	1	[1, 1, 1, 1, 1, 1, 1, 1, 1, 1]	1.000000	1.000000	pass
EOG091G065D	10	1	[1, 1, 1, 1, 1, 1, 1, 1, 1, 1, 1]	1.000000	1.000000	pass
EOG091G06J6	11	1	[1, 1, 1, 1, 1, 1, 1, 1, 1, 1, 1, 2]	1.083333	1.000000	pass
EOG091G06JJ	8	1	[1, 1, 1, 1, 1, 1, 1, 1, 1]	1.000000	1.000000	fail (count)
EOG091G06P4	10	1	[1, 1, 1, 1, 1, 1, 1, 1, 1, 1, 2]	1.090909	1.000000	pass
EOG091G074G	10	1	[1, 1, 1, 1, 1, 1, 1, 1, 1, 1, 1]	1.000000	1.000000	pass
EOG091G079R	11	1	[1, 1, 1, 1, 1, 1, 1, 1, 1, 1, 1, 1]	1.000000	1.000000	pass
EOG091G07KL	11	1	[1, 1, 1, 1, 1, 1, 1, 1, 1, 1, 1, 1]	1.000000	1.000000	pass
EOG091G088L	10	1	[1, 1, 1, 1, 1, 1, 1, 1, 1, 1, 3]	1.181818	1.000000	pass
EOG091G08UU	9	1	[1, 1, 1, 1, 1, 1, 1, 1, 1, 1]	1.000000	1.000000	pass
EOG091G08VB	9	1	[1, 1, 1, 1, 1, 1, 1, 1, 1, 1]	1.000000	1.000000	pass
EOG091G08ZR	8	1	[1, 1, 1, 1, 1, 1, 1, 1, 1]	1.000000	1.000000	fail (count)
EOG091G09MD	9	1	[1, 1, 1, 1, 1, 1, 1, 1, 1, 1]	1.000000	1.000000	pass
EOG091G0AGT	8	1	[1, 1, 1, 1, 1, 1, 1, 2, 2]	1.222222	1.000000	fail (count)
EOG091G0BQF	11	1	[1, 1, 1, 1, 1, 1, 1, 1, 1, 1, 1, 2]	1.083333	1.000000	pass
EOG091G0CF7	10	1	[1, 1, 1, 1, 1, 1, 1, 1, 1, 1, 1]	1.000000	1.000000	pass
EOG091G0CQ2	10	1	[1, 1, 1, 1, 1, 1, 1, 1, 1, 1, 1]	1.000000	1.000000	pass
EOG091G0CW2	10	1	[1, 1, 1, 1, 1, 1, 1, 1, 1, 1, 2]	1.090909	1.000000	pass
EOG091G0D0W	11	1	[1, 1, 1, 1, 1, 1, 1, 1, 1, 1, 1, 1]	1.000000	1.000000	pass
EOG091G0E5O	9	1	[1, 1, 1, 1, 1, 1, 1, 1, 1, 1]	1.000000	1.000000	pass
EOG091G0H0S	6	1	[1, 1, 1, 1, 1, 1, 1]	1.000000	1.000000	fail (count)
EOG091G0ILS	10	1	[1, 1, 1, 1, 1, 1, 1, 1, 1, 1, 2]	1.090909	1.000000	pass
EOG091G0IWR	9	1	[1, 1, 1, 1, 1, 1, 1, 1, 1, 1]	1.000000	1.000000	pass
EOG091G0JHQ	9	0	[1, 1, 1, 1, 1, 1, 1, 1, 1]	1.000000	1.000000	fail (count)
EOG091G0L5I	8	1	[1, 1, 1, 1, 1, 1, 1, 1, 1]	1.000000	1.000000	fail (count)
EOG091G0LFF	10	1	[1, 1, 1, 1, 1, 1, 1, 1, 1, 1, 1]	1.000000	1.000000	pass
EOG091G0MG7	2	1	[1, 1, 1]	1.000000	1.000000	fail (count)
EOG091G0NQW	9	1	[1, 1, 1, 1, 1, 1, 1, 1, 1, 1]	1.000000	1.000000	pass
EOG091G0P5N	11	1	[1, 1, 1, 1, 1, 1, 1, 1, 1, 1, 1, 1]	1.000000	1.000000	pass
EOG091G0PUZ	9	1	[1, 1, 1, 1, 1, 1, 1, 1, 1, 1]	1.000000	1.000000	pass
EOG091G0PVT	4	1	[1, 1, 1, 1, 1]	1.000000	1.000000	fail (count)
EOG091G0W26	8	1	[1, 1, 1, 1, 1, 1, 1, 1, 1]	1.000000	1.000000	fail (count)
EOG091G0X1Z	5	1	[1, 1, 1, 1, 1, 1]	1.000000	1.000000	fail (count)
EOG091G19WY	9	1	[1, 1, 1, 1, 1, 1, 1, 1, 2, 2]	1.200000	1.000000	pass
EOG091G00AH	8	1	[1, 1, 1, 1, 1, 1, 1, 1, 1]	1.000000	1.000000	fail (count)
EOG091G00MA	8	0	[1, 1, 1, 1, 1, 1, 1, 1]	1.000000	1.000000	fail (count)
EOG091G00VZ	8	1	[1, 1, 1, 1, 1, 1, 1, 1, 1]	1.000000	1.000000	fail (count)
EOG091G01GC	9	1	[1, 1, 1, 1, 1, 1, 1, 1, 1, 1]	1.000000	1.000000	pass
EOG091G01WY	8	1	[1, 1, 1, 1, 1, 1, 1, 1, 1]	1.000000	1.000000	fail (count)
EOG091G025T	6	1	[1, 1, 1, 1, 1, 1, 1]	1.000000	1.000000	fail (count)
EOG091G0262	9	1	[1, 1, 1, 1, 1, 1, 1, 1, 1, 2]	1.100000	1.000000	pass
EOG091G026I	8	1	[1, 1, 1, 1, 1, 1, 1, 1, 1]	1.000000	1.000000	fail (count)
EOG091G0291	9	1	[1, 1, 1, 1, 1, 1, 1, 1, 1, 1]	1.000000	1.000000	pass
EOG091G029K	9	1	[1, 1, 1, 1, 1, 1, 1, 1, 1, 1]	1.000000	1.000000	pass
EOG091G02BK	8	1	[1, 1, 1, 1, 1, 1, 1, 1, 2]	1.111111	1.000000	fail (count)
EOG091G02FR	9	1	[1, 1, 1, 1, 1, 1, 1, 1, 1, 1]	1.000000	1.000000	pass
EOG091G02NH	9	1	[1, 1, 1, 1, 1, 1, 1, 1, 1, 2]	1.100000	1.000000	pass
EOG091G02O6	9	1	[1, 1, 1, 1, 1, 1, 1, 1, 1, 1]	1.000000	1.000000	pass
EOG091G02P2	7	1	[1, 1, 1, 1, 1, 1, 1, 2]	1.125000	1.000000	fail (count)
EOG091G02VO	6	1	[1, 1, 1, 1, 1, 1, 2]	1.142857	1.000000	fail (count)
EOG091G0349	3	1	[1, 1, 1, 2]	1.250000	1.000000	fail (count)
EOG091G03G3	10	1	[1, 1, 1, 1, 1, 1, 1, 1, 1, 1, 1]	1.000000	1.000000	pass
EOG091G03LI	9	1	[1, 1, 1, 1, 1, 1, 1, 1, 1, 1]	1.000000	1.000000	pass
EOG091G03OT	8	1	[1, 1, 1, 1, 1, 1, 1, 1, 1]	1.000000	1.000000	fail (count)
EOG091G03TX	9	1	[1, 1, 1, 1, 1, 1, 1, 1, 1, 2]	1.100000	1.000000	pass
EOG091G03XO	9	1	[1, 1, 1, 1, 1, 1, 1, 1, 1, 2]	1.100000	1.000000	pass
EOG091G03Y8	7	1	[1, 1, 1, 1, 1, 1, 1, 1]	1.000000	1.000000	fail (count)
EOG091G046H	10	1	[1, 1, 1, 1, 1, 1, 1, 1, 1, 1, 1]	1.000000	1.000000	pass
EOG091G049W	10	1	[1, 1, 1, 1, 1, 1, 1, 1, 1, 1, 1]	1.000000	1.000000	pass
EOG091G04LC	9	1	[1, 1, 1, 1, 1, 1, 1, 1, 1, 1]	1.000000	1.000000	pass
EOG091G04WH	5	0	[1, 1, 1, 1, 1]	1.000000	1.000000	fail (count)
EOG091G050Q	9	1	[1, 1, 1, 1, 1, 1, 1, 1, 1, 1]	1.000000	1.000000	pass
EOG091G0525	4	1	[1, 1, 1, 1, 1]	1.000000	1.000000	fail (count)
EOG091G053D	8	1	[1, 1, 1, 1, 1, 1, 1, 1, 1]	1.000000	1.000000	fail (count)
EOG091G059G	9	1	[1, 1, 1, 1, 1, 1, 1, 1, 1, 1]	1.000000	1.000000	pass
EOG091G05IK	9	1	[1, 1, 1, 1, 1, 1, 1, 1, 1, 1]	1.000000	1.000000	pass
EOG091G05SE	10	1	[1, 1, 1, 1, 1, 1, 1, 1, 1, 1, 1]	1.000000	1.000000	pass
EOG091G05XY	4	1	[1, 1, 1, 1, 1]	1.000000	1.000000	fail (count)
EOG091G05ZE	8	1	[1, 1, 1, 1, 1, 1, 1, 1, 1]	1.000000	1.000000	fail (count)
EOG091G060D	7	1	[1, 1, 1, 1, 1, 1, 2, 2]	1.250000	1.000000	fail (count)
EOG091G0627	6	1	[1, 1, 1, 1, 1, 1, 1]	1.000000	1.000000	fail (count)
EOG091G062X	8	1	[1, 1, 1, 1, 1, 1, 1, 1, 1]	1.000000	1.000000	fail (count)
EOG091G069C	7	1	[1, 1, 1, 1, 1, 1, 1, 1]	1.000000	1.000000	fail (count)
EOG091G06CB	9	1	[1, 1, 1, 1, 1, 1, 1, 1, 1, 1]	1.000000	1.000000	pass
EOG091G06I8	9	1	[1, 1, 1, 1, 1, 1, 1, 1, 1, 2]	1.100000	1.000000	pass
EOG091G06MR	10	1	[1, 1, 1, 1, 1, 1, 1, 1, 1, 1, 2]	1.090909	1.000000	pass
EOG091G06OP	8	1	[1, 1, 1, 1, 1, 1, 1, 1, 4]	1.333333	1.000000	fail (count)
EOG091G06XK	4	1	[1, 1, 1, 1, 2]	1.200000	1.000000	fail (count)
EOG091G06Y3	10	1	[1, 1, 1, 1, 1, 1, 1, 1, 1, 1, 2]	1.090909	1.000000	pass
EOG091G06YD	7	1	[1, 1, 1, 1, 1, 1, 1, 1]	1.000000	1.000000	fail (count)
EOG091G078D	7	1	[1, 1, 1, 1, 1, 1, 1, 1]	1.000000	1.000000	fail (count)
EOG091G07CE	10	1	[1, 1, 1, 1, 1, 1, 1, 1, 1, 1, 1]	1.000000	1.000000	pass
EOG091G07D9	10	1	[1, 1, 1, 1, 1, 1, 1, 1, 1, 1, 2]	1.090909	1.000000	pass
EOG091G07EJ	9	1	[1, 1, 1, 1, 1, 1, 1, 1, 1, 1]	1.000000	1.000000	pass
EOG091G07FP	3	0	[1, 1, 1]	1.000000	1.000000	fail (count)
EOG091G07N8	7	1	[1, 1, 1, 1, 1, 1, 1, 1]	1.000000	1.000000	fail (count)
EOG091G07PR	5	1	[1, 1, 1, 1, 1, 1]	1.000000	1.000000	fail (count)
EOG091G07PV	10	0	[1, 1, 1, 1, 1, 1, 1, 1, 1, 1]	1.000000	1.000000	fail (count)
EOG091G07QN	6	1	[1, 1, 1, 1, 1, 1, 2]	1.142857	1.000000	fail (count)
EOG091G0803	9	1	[1, 1, 1, 1, 1, 1, 1, 1, 1, 1]	1.000000	1.000000	pass
EOG091G0814	5	1	[1, 1, 1, 1, 1, 2]	1.166667	1.000000	fail (count)
EOG091G08JE	9	1	[1, 1, 1, 1, 1, 1, 1, 1, 1, 1]	1.000000	1.000000	pass
EOG091G08SM	9	1	[1, 1, 1, 1, 1, 1, 1, 1, 1, 1]	1.000000	1.000000	pass
EOG091G095O	8	0	[1, 1, 1, 1, 1, 1, 1, 1]	1.000000	1.000000	fail (count)
EOG091G096V	9	1	[1, 1, 1, 1, 1, 1, 1, 1, 1, 1]	1.000000	1.000000	pass
EOG091G09BP	8	1	[1, 1, 1, 1, 1, 1, 1, 1, 1]	1.000000	1.000000	fail (count)
EOG091G09FV	7	1	[1, 1, 1, 1, 1, 1, 1, 2]	1.125000	1.000000	fail (count)
EOG091G09KI	7	0	[1, 1, 1, 1, 1, 1, 1]	1.000000	1.000000	fail (count)
EOG091G09KX	8	1	[1, 1, 1, 1, 1, 1, 1, 1, 1]	1.000000	1.000000	fail (count)
EOG091G09SS	7	1	[1, 1, 1, 1, 1, 1, 1, 1]	1.000000	1.000000	fail (count)
EOG091G09U9	9	1	[1, 1, 1, 1, 1, 1, 1, 1, 1, 1]	1.000000	1.000000	pass
EOG091G09UB	9	1	[1, 1, 1, 1, 1, 1, 1, 1, 1, 1]	1.000000	1.000000	pass
EOG091G0A27	4	1	[1, 1, 1, 1, 1]	1.000000	1.000000	fail (count)
EOG091G0A5N	10	1	[1, 1, 1, 1, 1, 1, 1, 1, 1, 1, 1]	1.000000	1.000000	pass
EOG091G0A79	7	1	[1, 1, 1, 1, 1, 1, 1, 1]	1.000000	1.000000	fail (count)
EOG091G0AEL	10	1	[1, 1, 1, 1, 1, 1, 1, 1, 1, 1, 2]	1.090909	1.000000	pass
EOG091G0AGM	8	1	[1, 1, 1, 1, 1, 1, 1, 1, 1]	1.000000	1.000000	fail (count)
EOG091G0AOO	8	1	[1, 1, 1, 1, 1, 1, 1, 1, 2]	1.111111	1.000000	fail (count)
EOG091G0ARE	9	1	[1, 1, 1, 1, 1, 1, 1, 1, 1, 1]	1.000000	1.000000	pass
EOG091G0ARL	5	1	[1, 1, 1, 1, 1, 1]	1.000000	1.000000	fail (count)
EOG091G0AVP	9	1	[1, 1, 1, 1, 1, 1, 1, 1, 1, 1]	1.000000	1.000000	pass
EOG091G0B9T	8	1	[1, 1, 1, 1, 1, 1, 1, 1, 1]	1.000000	1.000000	fail (count)
EOG091G0BBO	6	1	[1, 1, 1, 1, 1, 1, 1]	1.000000	1.000000	fail (count)
EOG091G0BUH	9	1	[1, 1, 1, 1, 1, 1, 1, 2, 2, 2]	1.300000	1.000000	pass
EOG091G0BX3	8	1	[1, 1, 1, 1, 1, 1, 1, 1, 1]	1.000000	1.000000	fail (count)
EOG091G0C2M	8	1	[1, 1, 1, 1, 1, 1, 1, 1, 1]	1.000000	1.000000	fail (count)
EOG091G0C7Y	9	1	[1, 1, 1, 1, 1, 1, 1, 1, 2, 2]	1.200000	1.000000	pass
EOG091G0C9Y	8	1	[1, 1, 1, 1, 1, 1, 1, 1, 1]	1.000000	1.000000	fail (count)
EOG091G0CEK	9	1	[1, 1, 1, 1, 1, 1, 1, 1, 1, 2]	1.100000	1.000000	pass
EOG091G0CMN	9	1	[1, 1, 1, 1, 1, 1, 1, 1, 1, 1]	1.000000	1.000000	pass
EOG091G0D8N	6	0	[1, 1, 1, 1, 1, 1]	1.000000	1.000000	fail (count)
EOG091G0DQS	8	1	[1, 1, 1, 1, 1, 1, 1, 1, 1]	1.000000	1.000000	fail (count)
EOG091G0DQT	8	1	[1, 1, 1, 1, 1, 1, 1, 1, 1]	1.000000	1.000000	fail (count)
EOG091G0DTD	10	1	[1, 1, 1, 1, 1, 1, 1, 1, 1, 1, 1]	1.000000	1.000000	pass
EOG091G0DUX	5	0	[1, 1, 1, 1, 1]	1.000000	1.000000	fail (count)
EOG091G0DYU	4	1	[1, 1, 1, 1, 1]	1.000000	1.000000	fail (count)
EOG091G0E2R	7	1	[1, 1, 1, 1, 1, 1, 1, 1]	1.000000	1.000000	fail (count)
EOG091G0E3V	8	1	[1, 1, 1, 1, 1, 1, 1, 1, 1]	1.000000	1.000000	fail (count)
EOG091G0E7S	9	1	[1, 1, 1, 1, 1, 1, 1, 1, 1, 1]	1.000000	1.000000	pass
EOG091G0E8J	8	1	[1, 1, 1, 1, 1, 1, 1, 1, 1]	1.000000	1.000000	fail (count)
EOG091G0EA2	10	1	[1, 1, 1, 1, 1, 1, 1, 1, 1, 1, 1]	1.000000	1.000000	pass
EOG091G0EUU	7	1	[1, 1, 1, 1, 1, 1, 1, 1]	1.000000	1.000000	fail (count)
EOG091G0FPM	9	1	[1, 1, 1, 1, 1, 1, 1, 1, 1, 1]	1.000000	1.000000	pass
EOG091G0FYY	2	1	[1, 1, 1]	1.000000	1.000000	fail (count)
EOG091G0GBB	6	1	[1, 1, 1, 1, 1, 1, 1]	1.000000	1.000000	fail (count)
EOG091G0GIC	9	1	[1, 1, 1, 1, 1, 1, 1, 1, 1, 2]	1.100000	1.000000	pass
EOG091G0GN7	7	1	[1, 1, 1, 1, 1, 1, 1, 1]	1.000000	1.000000	fail (count)
EOG091G0H64	8	1	[1, 1, 1, 1, 1, 1, 1, 1, 1]	1.000000	1.000000	fail (count)
EOG091G0HML	9	1	[1, 1, 1, 1, 1, 1, 1, 1, 1, 1]	1.000000	1.000000	pass
EOG091G0HMT	7	1	[1, 1, 1, 1, 1, 1, 1, 2]	1.125000	1.000000	fail (count)
EOG091G0HSB	9	1	[1, 1, 1, 1, 1, 1, 1, 1, 1, 1]	1.000000	1.000000	pass
EOG091G0HTU	10	1	[1, 1, 1, 1, 1, 1, 1, 1, 1, 1, 2]	1.090909	1.000000	pass
EOG091G0HYF	9	1	[1, 1, 1, 1, 1, 1, 1, 1, 1, 1]	1.000000	1.000000	pass
EOG091G0HZK	6	1	[1, 1, 1, 1, 1, 1, 2]	1.142857	1.000000	fail (count)
EOG091G0I2Z	6	1	[1, 1, 1, 1, 1, 1, 2]	1.142857	1.000000	fail (count)
EOG091G0I85	10	1	[1, 1, 1, 1, 1, 1, 1, 1, 1, 1, 1]	1.000000	1.000000	pass
EOG091G0ID9	10	1	[1, 1, 1, 1, 1, 1, 1, 1, 1, 1, 1]	1.000000	1.000000	pass
EOG091G0IDG	9	1	[1, 1, 1, 1, 1, 1, 1, 1, 1, 1]	1.000000	1.000000	pass
EOG091G0IQD	9	1	[1, 1, 1, 1, 1, 1, 1, 1, 1, 2]	1.100000	1.000000	pass
EOG091G0IUT	10	1	[1, 1, 1, 1, 1, 1, 1, 1, 1, 1, 1]	1.000000	1.000000	pass
EOG091G0IXT	7	1	[1, 1, 1, 1, 1, 1, 1, 1]	1.000000	1.000000	fail (count)
EOG091G0IYB	10	1	[1, 1, 1, 1, 1, 1, 1, 1, 1, 1, 1]	1.000000	1.000000	pass
EOG091G0JYQ	10	1	[1, 1, 1, 1, 1, 1, 1, 1, 1, 1, 3]	1.181818	1.000000	pass
EOG091G0JZV	8	1	[1, 1, 1, 1, 1, 1, 1, 1, 1]	1.000000	1.000000	fail (count)
EOG091G0K1Z	9	1	[1, 1, 1, 1, 1, 1, 1, 1, 1, 2]	1.100000	1.000000	pass
EOG091G0KC3	10	1	[1, 1, 1, 1, 1, 1, 1, 1, 1, 1, 1]	1.000000	1.000000	pass
EOG091G0KRZ	9	1	[1, 1, 1, 1, 1, 1, 1, 1, 1, 3]	1.200000	1.000000	pass
EOG091G0L5H	3	1	[1, 1, 1, 1]	1.000000	1.000000	fail (count)
EOG091G0LIN	9	1	[1, 1, 1, 1, 1, 1, 1, 1, 1, 1]	1.000000	1.000000	pass
EOG091G0LMY	8	0	[1, 1, 1, 1, 1, 1, 1, 1]	1.000000	1.000000	fail (count)
EOG091G0M0S	7	1	[1, 1, 1, 1, 1, 1, 1, 1]	1.000000	1.000000	fail (count)
EOG091G0M24	9	1	[1, 1, 1, 1, 1, 1, 1, 1, 1, 1]	1.000000	1.000000	pass
EOG091G0MCZ	4	1	[1, 1, 1, 1, 1]	1.000000	1.000000	fail (count)
EOG091G0MDD	9	1	[1, 1, 1, 1, 1, 1, 1, 1, 1, 1]	1.000000	1.000000	pass
EOG091G0MHM	9	1	[1, 1, 1, 1, 1, 1, 1, 1, 1, 1]	1.000000	1.000000	pass
EOG091G0MI7	9	1	[1, 1, 1, 1, 1, 1, 1, 1, 1, 1]	1.000000	1.000000	pass
EOG091G0MJA	9	1	[1, 1, 1, 1, 1, 1, 1, 1, 1, 1]	1.000000	1.000000	pass
EOG091G0MLD	9	1	[1, 1, 1, 1, 1, 1, 1, 1, 1, 1]	1.000000	1.000000	pass
EOG091G0N2F	7	1	[1, 1, 1, 1, 1, 1, 1, 1]	1.000000	1.000000	fail (count)
EOG091G0NIU	10	1	[1, 1, 1, 1, 1, 1, 1, 1, 1, 1, 1]	1.000000	1.000000	pass
EOG091G0NOA	10	1	[1, 1, 1, 1, 1, 1, 1, 1, 1, 1, 3]	1.181818	1.000000	pass
EOG091G0OTI	7	1	[1, 1, 1, 1, 1, 1, 1, 1]	1.000000	1.000000	fail (count)
EOG091G0PD3	9	1	[1, 1, 1, 1, 1, 1, 1, 1, 1, 1]	1.000000	1.000000	pass
EOG091G0PIU	10	1	[1, 1, 1, 1, 1, 1, 1, 1, 1, 1, 1]	1.000000	1.000000	pass
EOG091G0PXB	8	1	[1, 1, 1, 1, 1, 1, 1, 1, 1]	1.000000	1.000000	fail (count)
EOG091G0Q1X	6	0	[1, 1, 1, 1, 1, 1]	1.000000	1.000000	fail (count)
EOG091G0R3S	9	1	[1, 1, 1, 1, 1, 1, 1, 1, 1, 1]	1.000000	1.000000	pass
EOG091G0R6Z	10	1	[1, 1, 1, 1, 1, 1, 1, 1, 1, 1, 2]	1.090909	1.000000	pass
EOG091G0RT1	9	1	[1, 1, 1, 1, 1, 1, 1, 1, 1, 1]	1.000000	1.000000	pass
EOG091G0SM9	7	1	[1, 1, 1, 1, 1, 1, 1, 2]	1.125000	1.000000	fail (count)
EOG091G0T79	3	1	[1, 1, 1, 1]	1.000000	1.000000	fail (count)
EOG091G0TA6	10	1	[1, 1, 1, 1, 1, 1, 1, 1, 1, 1, 1]	1.000000	1.000000	pass
EOG091G0U2U	7	1	[1, 1, 1, 1, 1, 1, 1, 1]	1.000000	1.000000	fail (count)
EOG091G0W2D	10	1	[1, 1, 1, 1, 1, 1, 1, 1, 1, 1, 3]	1.181818	1.000000	pass
EOG091G0YCT	5	1	[1, 1, 1, 1, 1, 1]	1.000000	1.000000	fail (count)
EOG091G0ZDR	10	1	[1, 1, 1, 1, 1, 1, 1, 1, 1, 1, 2]	1.090909	1.000000	pass
EOG091G0ZEJ	8	1	[1, 1, 1, 1, 1, 1, 1, 1, 1]	1.000000	1.000000	fail (count)
EOG091G105E	9	0	[1, 1, 1, 1, 1, 1, 1, 1, 1]	1.000000	1.000000	fail (count)
EOG091G10O5	7	1	[1, 1, 1, 1, 1, 1, 1, 1]	1.000000	1.000000	fail (count)
EOG091G115J	10	1	[1, 1, 1, 1, 1, 1, 1, 1, 1, 1, 1]	1.000000	1.000000	pass
EOG091G11O6	9	1	[1, 1, 1, 1, 1, 1, 1, 1, 1, 2]	1.100000	1.000000	pass
EOG091G13P1	5	1	[1, 1, 1, 1, 1, 1]	1.000000	1.000000	fail (count)
EOG091G1422	9	1	[1, 1, 1, 1, 1, 1, 1, 1, 1, 3]	1.200000	1.000000	pass
EOG091G15HS	8	1	[1, 1, 1, 1, 1, 1, 1, 1, 1]	1.000000	1.000000	fail (count)
EOG091G1BQN	10	1	[1, 1, 1, 1, 1, 1, 1, 1, 1, 1, 1]	1.000000	1.000000	pass
EOG091G1CLN	7	1	[1, 1, 1, 1, 1, 1, 1, 2]	1.125000	1.000000	fail (count)
EOG091G00GQ	7	1	[1, 1, 1, 1, 1, 1, 1, 1]	1.000000	1.000000	fail (count)
EOG091G00MI	8	1	[1, 1, 1, 1, 1, 1, 1, 1, 1]	1.000000	1.000000	fail (count)
EOG091G00QT	7	1	[1, 1, 1, 1, 1, 1, 2, 2]	1.250000	1.000000	fail (count)
EOG091G019V	4	1	[1, 1, 1, 1, 1]	1.000000	1.000000	fail (count)
EOG091G01LC	6	1	[1, 1, 1, 1, 1, 2, 2]	1.285714	1.000000	fail (count)
EOG091G01S9	7	1	[1, 1, 1, 1, 1, 1, 1, 1]	1.000000	1.000000	fail (count)
EOG091G01Z2	6	1	[1, 1, 1, 1, 1, 1, 1]	1.000000	1.000000	fail (count)
EOG091G023Z	7	1	[1, 1, 1, 1, 1, 1, 1, 2]	1.125000	1.000000	fail (count)
EOG091G028G	8	1	[1, 1, 1, 1, 1, 1, 1, 1, 1]	1.000000	1.000000	fail (count)
EOG091G02E4	1	1	[1, 1]	1.000000	1.000000	fail (count)
EOG091G02HY	6	1	[1, 1, 1, 1, 1, 1, 1]	1.000000	1.000000	fail (count)
EOG091G038X	7	1	[1, 1, 1, 1, 1, 1, 1, 1]	1.000000	1.000000	fail (count)
EOG091G03BV	6	1	[1, 1, 1, 1, 1, 1, 1]	1.000000	1.000000	fail (count)
EOG091G03O0	7	1	[1, 1, 1, 1, 1, 1, 1, 1]	1.000000	1.000000	fail (count)
EOG091G03P0	8	1	[1, 1, 1, 1, 1, 1, 1, 1, 2]	1.111111	1.000000	fail (count)
EOG091G03XS	7	1	[1, 1, 1, 1, 1, 1, 1, 1]	1.000000	1.000000	fail (count)
EOG091G04CK	6	1	[1, 1, 1, 1, 1, 1, 1]	1.000000	1.000000	fail (count)
EOG091G050A	7	1	[1, 1, 1, 1, 1, 1, 1, 2]	1.125000	1.000000	fail (count)
EOG091G054P	8	1	[1, 1, 1, 1, 1, 1, 1, 1, 1]	1.000000	1.000000	fail (count)
EOG091G0554	9	1	[1, 1, 1, 1, 1, 1, 1, 1, 1, 1]	1.000000	1.000000	pass
EOG091G05CI	5	1	[1, 1, 1, 1, 1, 1]	1.000000	1.000000	fail (count)
EOG091G05IH	3	1	[1, 1, 1, 2]	1.250000	1.000000	fail (count)
EOG091G05LX	4	1	[1, 1, 1, 1, 1]	1.000000	1.000000	fail (count)
EOG091G05N4	7	1	[1, 1, 1, 1, 1, 1, 1, 3]	1.250000	1.000000	fail (count)
EOG091G0628	7	1	[1, 1, 1, 1, 1, 1, 1, 1]	1.000000	1.000000	fail (count)
EOG091G06DH	8	1	[1, 1, 1, 1, 1, 1, 1, 1, 1]	1.000000	1.000000	fail (count)
EOG091G075K	8	1	[1, 1, 1, 1, 1, 1, 1, 1, 1]	1.000000	1.000000	fail (count)
EOG091G0781	6	0	[1, 1, 1, 1, 1, 1]	1.000000	1.000000	fail (count)
EOG091G07N5	4	1	[1, 1, 1, 1, 1]	1.000000	1.000000	fail (count)
EOG091G08NN	7	1	[1, 1, 1, 1, 1, 1, 1, 1]	1.000000	1.000000	fail (count)
EOG091G08PW	7	1	[1, 1, 1, 1, 1, 1, 1, 2]	1.125000	1.000000	fail (count)
EOG091G09GA	7	1	[1, 1, 1, 1, 1, 1, 1, 2]	1.125000	1.000000	fail (count)
EOG091G09Q2	3	0	[1, 1, 1]	1.000000	1.000000	fail (count)
EOG091G09V2	6	1	[1, 1, 1, 1, 1, 1, 1]	1.000000	1.000000	fail (count)
EOG091G0A0M	7	1	[1, 1, 1, 1, 1, 1, 1, 1]	1.000000	1.000000	fail (count)
EOG091G0AI5	3	1	[1, 1, 1, 2]	1.250000	1.000000	fail (count)
EOG091G0AX1	6	1	[1, 1, 1, 1, 1, 1, 1]	1.000000	1.000000	fail (count)
EOG091G0AZ7	5	1	[1, 1, 1, 1, 1, 1]	1.000000	1.000000	fail (count)
EOG091G0BG4	9	1	[1, 1, 1, 1, 1, 1, 1, 1, 1, 2]	1.100000	1.000000	pass
EOG091G0BPX	6	1	[1, 1, 1, 1, 1, 1, 1]	1.000000	1.000000	fail (count)
EOG091G0BWJ	4	0	[1, 1, 1, 1]	1.000000	1.000000	fail (count)
EOG091G0C6I	7	1	[1, 1, 1, 1, 1, 1, 1, 1]	1.000000	1.000000	fail (count)
EOG091G0CID	8	1	[1, 1, 1, 1, 1, 1, 1, 1, 1]	1.000000	1.000000	fail (count)
EOG091G0COC	6	1	[1, 1, 1, 1, 1, 1, 1]	1.000000	1.000000	fail (count)
EOG091G0CR4	5	1	[1, 1, 1, 1, 1, 1]	1.000000	1.000000	fail (count)
EOG091G0CTU	6	1	[1, 1, 1, 1, 1, 1, 2]	1.142857	1.000000	fail (count)
EOG091G0DPL	6	1	[1, 1, 1, 1, 1, 1, 1]	1.000000	1.000000	fail (count)
EOG091G0DTE	7	1	[1, 1, 1, 1, 1, 1, 1, 1]	1.000000	1.000000	fail (count)
EOG091G0EAF	9	1	[1, 1, 1, 1, 1, 1, 1, 1, 1, 1]	1.000000	1.000000	pass
EOG091G0EHF	1	0	[1]	1.000000	1.000000	fail (count)
EOG091G0EKA	8	1	[1, 1, 1, 1, 1, 1, 1, 1, 1]	1.000000	1.000000	fail (count)
EOG091G0ELO	7	1	[1, 1, 1, 1, 1, 1, 1, 1]	1.000000	1.000000	fail (count)
EOG091G0ELS	8	1	[1, 1, 1, 1, 1, 1, 1, 1, 2]	1.111111	1.000000	fail (count)
EOG091G0FAM	7	1	[1, 1, 1, 1, 1, 1, 1, 3]	1.250000	1.000000	fail (count)
EOG091G0FS8	7	1	[1, 1, 1, 1, 1, 1, 1, 1]	1.000000	1.000000	fail (count)
EOG091G0FWS	6	1	[1, 1, 1, 1, 1, 1, 2]	1.142857	1.000000	fail (count)
EOG091G0FXV	4	1	[1, 1, 1, 1, 1]	1.000000	1.000000	fail (count)
EOG091G0G71	5	1	[1, 1, 1, 1, 1, 2]	1.166667	1.000000	fail (count)
EOG091G0G88	7	1	[1, 1, 1, 1, 1, 1, 1, 1]	1.000000	1.000000	fail (count)
EOG091G0GUK	7	1	[1, 1, 1, 1, 1, 1, 1, 1]	1.000000	1.000000	fail (count)
EOG091G0GWF	9	1	[1, 1, 1, 1, 1, 1, 1, 1, 1, 1]	1.000000	1.000000	pass
EOG091G0H14	7	1	[1, 1, 1, 1, 1, 1, 1, 1]	1.000000	1.000000	fail (count)
EOG091G0H3D	7	1	[1, 1, 1, 1, 1, 1, 1, 2]	1.125000	1.000000	fail (count)
EOG091G0H5Q	7	1	[1, 1, 1, 1, 1, 1, 1, 1]	1.000000	1.000000	fail (count)
EOG091G0H6J	6	1	[1, 1, 1, 1, 1, 1, 1]	1.000000	1.000000	fail (count)
EOG091G0HAT	8	1	[1, 1, 1, 1, 1, 1, 1, 1, 1]	1.000000	1.000000	fail (count)
EOG091G0HS4	4	1	[1, 1, 1, 1, 3]	1.400000	1.000000	fail (count)
EOG091G0HXJ	7	1	[1, 1, 1, 1, 1, 1, 1, 1]	1.000000	1.000000	fail (count)
EOG091G0I7M	3	0	[1, 1, 1]	1.000000	1.000000	fail (count)
EOG091G0IF3	4	1	[1, 1, 1, 1, 1]	1.000000	1.000000	fail (count)
EOG091G0IGG	5	1	[1, 1, 1, 1, 1, 1]	1.000000	1.000000	fail (count)
EOG091G0IMI	7	0	[1, 1, 1, 1, 1, 1, 1]	1.000000	1.000000	fail (count)
EOG091G0IXY	3	0	[1, 1, 1]	1.000000	1.000000	fail (count)
EOG091G0IZD	2	0	[1, 1]	1.000000	1.000000	fail (count)
EOG091G0J61	6	1	[1, 1, 1, 1, 1, 1, 1]	1.000000	1.000000	fail (count)
EOG091G0J7A	5	1	[1, 1, 1, 1, 1, 1]	1.000000	1.000000	fail (count)
EOG091G0J98	6	1	[1, 1, 1, 1, 1, 1, 1]	1.000000	1.000000	fail (count)
EOG091G0JBM	9	0	[1, 1, 1, 1, 1, 1, 1, 1, 1]	1.000000	1.000000	fail (count)
EOG091G0JI0	9	1	[1, 1, 1, 1, 1, 1, 1, 1, 1, 1]	1.000000	1.000000	pass
EOG091G0JIA	1	0	[1]	1.000000	1.000000	fail (count)
EOG091G0JMY	7	1	[1, 1, 1, 1, 1, 1, 1, 1]	1.000000	1.000000	fail (count)
EOG091G0JUY	8	1	[1, 1, 1, 1, 1, 1, 1, 1, 2]	1.111111	1.000000	fail (count)
EOG091G0JWC	8	1	[1, 1, 1, 1, 1, 1, 1, 1, 1]	1.000000	1.000000	fail (count)
EOG091G0KHF	8	1	[1, 1, 1, 1, 1, 1, 1, 1, 1]	1.000000	1.000000	fail (count)
EOG091G0KNT	8	1	[1, 1, 1, 1, 1, 1, 1, 1, 1]	1.000000	1.000000	fail (count)
EOG091G0KPB	7	1	[1, 1, 1, 1, 1, 1, 2, 2]	1.250000	1.000000	fail (count)
EOG091G0KR3	8	1	[1, 1, 1, 1, 1, 1, 1, 1, 3]	1.222222	1.000000	fail (count)
EOG091G0KS8	7	1	[1, 1, 1, 1, 1, 1, 1, 2]	1.125000	1.000000	fail (count)
EOG091G0L3L	3	1	[1, 1, 1, 1]	1.000000	1.000000	fail (count)
EOG091G0L4M	7	1	[1, 1, 1, 1, 1, 1, 1, 1]	1.000000	1.000000	fail (count)
EOG091G0L5D	9	1	[1, 1, 1, 1, 1, 1, 1, 1, 1, 1]	1.000000	1.000000	pass
EOG091G0L84	9	1	[1, 1, 1, 1, 1, 1, 2, 2, 2, 2]	1.400000	1.000000	pass
EOG091G0LT0	6	1	[1, 1, 1, 1, 1, 1, 1]	1.000000	1.000000	fail (count)
EOG091G0LVQ	8	1	[1, 1, 1, 1, 1, 1, 1, 1, 1]	1.000000	1.000000	fail (count)
EOG091G0M3C	3	1	[1, 1, 1, 1]	1.000000	1.000000	fail (count)
EOG091G0MUD	8	1	[1, 1, 1, 1, 1, 1, 1, 1, 2]	1.111111	1.000000	fail (count)
EOG091G0NP6	8	1	[1, 1, 1, 1, 1, 1, 1, 1, 1]	1.000000	1.000000	fail (count)
EOG091G0NP7	1	0	[1]	1.000000	1.000000	fail (count)
EOG091G0O7O	9	1	[1, 1, 1, 1, 1, 1, 1, 1, 1, 1]	1.000000	1.000000	pass
EOG091G0O9D	8	1	[1, 1, 1, 1, 1, 1, 1, 1, 2]	1.111111	1.000000	fail (count)
EOG091G0OFC	7	0	[1, 1, 1, 1, 1, 1, 1]	1.000000	1.000000	fail (count)
EOG091G0ONT	6	1	[1, 1, 1, 1, 1, 1, 1]	1.000000	1.000000	fail (count)
EOG091G0OUM	7	1	[1, 1, 1, 1, 1, 1, 1, 1]	1.000000	1.000000	fail (count)
EOG091G0P4K	3	1	[1, 1, 1, 1]	1.000000	1.000000	fail (count)
EOG091G0P9B	8	1	[1, 1, 1, 1, 1, 1, 1, 1, 3]	1.222222	1.000000	fail (count)
EOG091G0Q02	6	1	[1, 1, 1, 1, 1, 1, 1]	1.000000	1.000000	fail (count)
EOG091G0Q27	6	0	[1, 1, 1, 1, 1, 1]	1.000000	1.000000	fail (count)
EOG091G0Q58	8	1	[1, 1, 1, 1, 1, 1, 1, 1, 1]	1.000000	1.000000	fail (count)
EOG091G0QBN	5	1	[1, 1, 1, 1, 1, 1]	1.000000	1.000000	fail (count)
EOG091G0QNR	3	0	[1, 1, 1]	1.000000	1.000000	fail (count)
EOG091G0QS4	7	1	[1, 1, 1, 1, 1, 1, 1, 1]	1.000000	1.000000	fail (count)
EOG091G0R9X	7	1	[1, 1, 1, 1, 1, 1, 1, 1]	1.000000	1.000000	fail (count)
EOG091G0RRA	2	0	[1, 1]	1.000000	1.000000	fail (count)
EOG091G0SB2	8	1	[1, 1, 1, 1, 1, 1, 1, 1, 2]	1.111111	1.000000	fail (count)
EOG091G0SQV	9	1	[1, 1, 1, 1, 1, 1, 1, 1, 1, 1]	1.000000	1.000000	pass
EOG091G0TZ2	1	1	[1, 1]	1.000000	1.000000	fail (count)
EOG091G0UKA	9	1	[1, 1, 1, 1, 1, 1, 1, 1, 1, 2]	1.100000	1.000000	pass
EOG091G0ULR	4	1	[1, 1, 1, 1, 2]	1.200000	1.000000	fail (count)
EOG091G0UQ0	6	1	[1, 1, 1, 1, 1, 1, 1]	1.000000	1.000000	fail (count)
EOG091G0UXY	7	1	[1, 1, 1, 1, 1, 1, 1, 1]	1.000000	1.000000	fail (count)
EOG091G0VMU	4	1	[1, 1, 1, 1, 1]	1.000000	1.000000	fail (count)
EOG091G0VVZ	6	1	[1, 1, 1, 1, 1, 1, 1]	1.000000	1.000000	fail (count)
EOG091G0VWO	5	1	[1, 1, 1, 1, 1, 1]	1.000000	1.000000	fail (count)
EOG091G0W96	8	1	[1, 1, 1, 1, 1, 1, 1, 1, 1]	1.000000	1.000000	fail (count)
EOG091G0WAL	8	1	[1, 1, 1, 1, 1, 1, 1, 1, 2]	1.111111	1.000000	fail (count)
EOG091G0WCB	2	1	[1, 1, 1]	1.000000	1.000000	fail (count)
EOG091G0WPV	9	1	[1, 1, 1, 1, 1, 1, 1, 1, 1, 1]	1.000000	1.000000	pass
EOG091G0XHF	5	1	[1, 1, 1, 1, 1, 1]	1.000000	1.000000	fail (count)
EOG091G0XVD	7	1	[1, 1, 1, 1, 1, 1, 1, 1]	1.000000	1.000000	fail (count)
EOG091G0Y96	4	0	[1, 1, 1, 2]	1.250000	1.000000	fail (count)
EOG091G0YBP	5	0	[1, 1, 1, 1, 1]	1.000000	1.000000	fail (count)
EOG091G0YHX	9	1	[1, 1, 1, 1, 1, 1, 1, 1, 1, 2]	1.100000	1.000000	pass
EOG091G0YP6	8	1	[1, 1, 1, 1, 1, 1, 1, 1, 2]	1.111111	1.000000	fail (count)
EOG091G0YY3	4	0	[1, 1, 1, 1]	1.000000	1.000000	fail (count)
EOG091G0Z6Z	7	1	[1, 1, 1, 1, 1, 1, 1, 1]	1.000000	1.000000	fail (count)
EOG091G1081	7	1	[1, 1, 1, 1, 1, 1, 1, 2]	1.125000	1.000000	fail (count)
EOG091G116R	6	1	[1, 1, 1, 1, 1, 1, 1]	1.000000	1.000000	fail (count)
EOG091G11IM	8	1	[1, 1, 1, 1, 1, 1, 1, 1, 2]	1.111111	1.000000	fail (count)
EOG091G126R	9	1	[1, 1, 1, 1, 1, 1, 1, 1, 1, 1]	1.000000	1.000000	pass
EOG091G13IJ	6	1	[1, 1, 1, 1, 1, 1, 2]	1.142857	1.000000	fail (count)
EOG091G1549	3	1	[1, 1, 1, 1]	1.000000	1.000000	fail (count)
EOG091G167Y	4	1	[1, 1, 1, 1, 3]	1.400000	1.000000	fail (count)
EOG091G17J4	5	1	[1, 1, 1, 1, 1, 1]	1.000000	1.000000	fail (count)
EOG091G18YA	6	1	[1, 1, 1, 1, 1, 1, 1]	1.000000	1.000000	fail (count)
EOG091G02C8	5	0	[1, 1, 1, 1, 1]	1.000000	1.000000	fail (count)
EOG091G03C0	4	0	[1, 1, 1, 1]	1.000000	1.000000	fail (count)
EOG091G0495	5	0	[1, 1, 1, 1, 1]	1.000000	1.000000	fail (count)
EOG091G04D1	4	1	[1, 1, 1, 1, 1]	1.000000	1.000000	fail (count)
EOG091G04IK	6	1	[1, 1, 1, 1, 1, 1, 1]	1.000000	1.000000	fail (count)
EOG091G05ZJ	5	1	[1, 1, 1, 1, 1, 1]	1.000000	1.000000	fail (count)
EOG091G0703	5	1	[1, 1, 1, 1, 1, 1]	1.000000	1.000000	fail (count)
EOG091G07DR	5	0	[1, 1, 1, 1, 1]	1.000000	1.000000	fail (count)
EOG091G08JG	4	1	[1, 1, 1, 1, 1]	1.000000	1.000000	fail (count)
EOG091G08L8	6	1	[1, 1, 1, 1, 1, 1, 1]	1.000000	1.000000	fail (count)
EOG091G08V8	6	1	[1, 1, 1, 1, 1, 1, 2]	1.142857	1.000000	fail (count)
EOG091G09UA	6	1	[1, 1, 1, 1, 1, 1, 1]	1.000000	1.000000	fail (count)
EOG091G0AE2	6	1	[1, 1, 1, 1, 1, 1, 1]	1.000000	1.000000	fail (count)
EOG091G0CEG	5	1	[1, 1, 1, 1, 1, 1]	1.000000	1.000000	fail (count)
EOG091G0CGO	5	1	[1, 1, 1, 1, 1, 2]	1.166667	1.000000	fail (count)
EOG091G0CLR	3	0	[1, 1, 1]	1.000000	1.000000	fail (count)
EOG091G0DND	4	0	[1, 1, 1, 1]	1.000000	1.000000	fail (count)
EOG091G0DTB	4	1	[1, 1, 1, 1, 2]	1.200000	1.000000	fail (count)
EOG091G0DXC	7	1	[1, 1, 1, 1, 1, 1, 1, 1]	1.000000	1.000000	fail (count)
EOG091G0DXE	4	0	[1, 1, 1, 1]	1.000000	1.000000	fail (count)
EOG091G0DXP	4	1	[1, 1, 1, 1, 2]	1.200000	1.000000	fail (count)
EOG091G0EHY	7	1	[1, 1, 1, 1, 1, 1, 1, 1]	1.000000	1.000000	fail (count)
EOG091G0EMF	7	1	[1, 1, 1, 1, 1, 1, 1, 1]	1.000000	1.000000	fail (count)
EOG091G0F0I	2	0	[1, 1]	1.000000	1.000000	fail (count)
EOG091G0FOR	1	1	[1, 1]	1.000000	1.000000	fail (count)
EOG091G0FZN	3	1	[1, 1, 1, 1]	1.000000	1.000000	fail (count)
EOG091G0GI9	2	1	[1, 1, 1]	1.000000	1.000000	fail (count)
EOG091G0GZ4	7	1	[1, 1, 1, 1, 1, 1, 1, 1]	1.000000	1.000000	fail (count)
EOG091G0HQ3	1	1	[1, 1]	1.000000	1.000000	fail (count)
EOG091G0IXA	4	0	[1, 1, 1, 1]	1.000000	1.000000	fail (count)
EOG091G0J69	4	0	[1, 1, 1, 1]	1.000000	1.000000	fail (count)
EOG091G0JHN	4	0	[1, 1, 1, 1]	1.000000	1.000000	fail (count)
EOG091G0K0D	1	0	[1]	1.000000	1.000000	fail (count)
EOG091G0L4Z	5	1	[1, 1, 1, 1, 1, 1]	1.000000	1.000000	fail (count)
EOG091G0L5Z	3	1	[1, 1, 1, 1]	1.000000	1.000000	fail (count)
EOG091G0LAR	4	1	[1, 1, 1, 1, 2]	1.200000	1.000000	fail (count)
EOG091G0LMQ	6	0	[1, 1, 1, 1, 1, 1]	1.000000	1.000000	fail (count)
EOG091G0LPW	3	0	[1, 1, 1]	1.000000	1.000000	fail (count)
EOG091G0MF6	4	1	[1, 1, 1, 1, 1]	1.000000	1.000000	fail (count)
EOG091G0N9Z	7	1	[1, 1, 1, 1, 1, 1, 1, 1]	1.000000	1.000000	fail (count)
EOG091G0NH9	3	1	[1, 1, 1, 1]	1.000000	1.000000	fail (count)
EOG091G0OPI	5	1	[1, 1, 1, 1, 1, 1]	1.000000	1.000000	fail (count)
EOG091G0Q7M	6	1	[1, 1, 1, 1, 1, 1, 1]	1.000000	1.000000	fail (count)
EOG091G0RRT	5	1	[1, 1, 1, 1, 1, 1]	1.000000	1.000000	fail (count)
EOG091G0SV1	4	1	[1, 1, 1, 1, 2]	1.200000	1.000000	fail (count)
EOG091G0TAU	2	1	[1, 1, 1]	1.000000	1.000000	fail (count)
EOG091G0U3W	2	1	[1, 1, 1]	1.000000	1.000000	fail (count)
EOG091G0UOM	4	0	[1, 1, 1, 1]	1.000000	1.000000	fail (count)
EOG091G0UTL	2	1	[1, 1, 1]	1.000000	1.000000	fail (count)
EOG091G0W1S	4	1	[1, 1, 1, 1, 2]	1.200000	1.000000	fail (count)
EOG091G0Y35	4	1	[1, 1, 1, 1, 1]	1.000000	1.000000	fail (count)
EOG091G0Z43	1	0	[1]	1.000000	1.000000	fail (count)
EOG091G0ZWE	3	0	[1, 1, 1]	1.000000	1.000000	fail (count)
EOG091G13XF	4	0	[1, 1, 1, 2]	1.250000	1.000000	fail (count)
EOG091G16EY	5	0	[1, 1, 1, 1, 1]	1.000000	1.000000	fail (count)
EOG091G00L0	3	1	[1, 1, 1, 1]	1.000000	1.000000	fail (count)
EOG091G05FE	3	0	[1, 1, 1]	1.000000	1.000000	fail (count)
EOG091G081C	1	0	[1]	1.000000	1.000000	fail (count)
EOG091G08R8	2	1	[1, 1, 1]	1.000000	1.000000	fail (count)
EOG091G090D	2	1	[1, 1, 2]	1.333333	1.000000	fail (count)
EOG091G09IW	1	0	[1]	1.000000	1.000000	fail (count)
EOG091G0DWW	2	1	[1, 1, 1]	1.000000	1.000000	fail (count)
EOG091G0F70	1	0	[1]	1.000000	1.000000	fail (count)
EOG091G0KJA	4	1	[1, 1, 1, 1, 1]	1.000000	1.000000	fail (count)
EOG091G0KUR	4	1	[1, 1, 1, 1, 1]	1.000000	1.000000	fail (count)
EOG091G0RTI	5	1	[1, 1, 1, 1, 1, 1]	1.000000	1.000000	fail (count)
EOG091G0S2R	2	0	[1, 1]	1.000000	1.000000	fail (count)
EOG091G0TZU	6	1	[1, 1, 1, 1, 1, 1, 1]	1.000000	1.000000	fail (count)
EOG091G0W0U	6	0	[1, 1, 1, 1, 1, 1]	1.000000	1.000000	fail (count)
EOG091G0HDF	2	0	[1, 1]	1.000000	1.000000	fail (count)
EOG091G0OWC	3	0	[1, 1, 1]	1.000000	1.000000	fail (count)
EOG091G0PNP	5	1	[1, 1, 1, 1, 2, 2]	1.333333	1.000000	fail (count)
EOG091G18Z5	2	0	[1, 1]	1.000000	1.000000	fail (count)
EOG091G040D	1	1	[1, 1]	1.000000	1.000000	fail (count)
EOG091G0AVW	1	0	[1]	1.000000	1.000000	fail (count)
EOG091G0E2X	4	1	[1, 1, 1, 1, 2]	1.200000	1.000000	fail (count)
EOG091G0F93	1	1	[1, 1]	1.000000	1.000000	fail (count)
EOG091G0G8S	2	1	[1, 1, 1]	1.000000	1.000000	fail (count)
EOG091G0IS6	1	0	[1]	1.000000	1.000000	fail (count)
EOG091G0K98	3	1	[1, 1, 1, 1]	1.000000	1.000000	fail (count)
EOG091G0LBN	1	1	[1, 1]	1.000000	1.000000	fail (count)
EOG091G0N0U	1	1	[1, 1]	1.000000	1.000000	fail (count)
EOG091G0O97	1	1	[1, 1]	1.000000	1.000000	fail (count)
EOG091G0W86	1	0	[1]	1.000000	1.000000	fail (count)
EOG091G02WU	1	0	[1]	1.000000	1.000000	fail (count)
EOG091G05X1	2	0	[1, 1]	1.000000	1.000000	fail (count)
EOG091G0TM2	4	1	[1, 1, 1, 1, 1]	1.000000	1.000000	fail (count)
EOG091G0VSN	3	1	[1, 1, 1, 1]	1.000000	1.000000	fail (count)
EOG091G10SJ	3	0	[1, 1, 2]	1.333333	1.000000	fail (count)
EOG091G01MK	0	1	[1]	1.000000	1.000000	fail (count)
EOG091G020E	0	1	[1]	1.000000	1.000000	fail (count)
EOG091G02OE	0	1	[1]	1.000000	1.000000	fail (count)
EOG091G03H4	0	1	[1]	1.000000	1.000000	fail (count)
EOG091G03JG	0	1	[1]	1.000000	1.000000	fail (count)
EOG091G066W	0	1	[1]	1.000000	1.000000	fail (count)
EOG091G0769	0	1	[2]	2.000000	2.000000	fail (count)
EOG091G07PH	0	1	[1]	1.000000	1.000000	fail (count)
EOG091G07Q3	0	1	[1]	1.000000	1.000000	fail (count)
EOG091G08DN	0	1	[1]	1.000000	1.000000	fail (count)
EOG091G08Y9	0	1	[2]	2.000000	2.000000	fail (count)
EOG091G09L6	0	1	[1]	1.000000	1.000000	fail (count)
EOG091G0AEH	0	1	[1]	1.000000	1.000000	fail (count)
EOG091G0B9B	1	1	[1, 1]	1.000000	1.000000	fail (count)
EOG091G0BKR	0	1	[1]	1.000000	1.000000	fail (count)
EOG091G0BPU	0	1	[1]	1.000000	1.000000	fail (count)
EOG091G0CXE	0	1	[1]	1.000000	1.000000	fail (count)
EOG091G0G58	0	1	[1]	1.000000	1.000000	fail (count)
EOG091G0GKX	0	1	[1]	1.000000	1.000000	fail (count)
EOG091G0H3U	1	1	[1, 1]	1.000000	1.000000	fail (count)
EOG091G0IDE	1	1	[1, 1]	1.000000	1.000000	fail (count)
EOG091G0IMB	0	1	[1]	1.000000	1.000000	fail (count)
EOG091G0JC7	0	1	[1]	1.000000	1.000000	fail (count)
EOG091G0JTR	0	1	[1]	1.000000	1.000000	fail (count)
EOG091G0K0H	0	1	[2]	2.000000	2.000000	fail (count)
EOG091G0KEQ	2	1	[1, 1, 1]	1.000000	1.000000	fail (count)
EOG091G0KGX	0	1	[2]	2.000000	2.000000	fail (count)
EOG091G0LB8	0	1	[1]	1.000000	1.000000	fail (count)
EOG091G0MLX	0	1	[1]	1.000000	1.000000	fail (count)
EOG091G0O40	0	1	[1]	1.000000	1.000000	fail (count)
EOG091G0OM4	0	1	[2]	2.000000	2.000000	fail (count)
EOG091G0SOZ	0	1	[1]	1.000000	1.000000	fail (count)
EOG091G0TN4	0	1	[2]	2.000000	2.000000	fail (count)
EOG091G0UUT	0	1	[2]	2.000000	2.000000	fail (count)
EOG091G0Y6M	0	1	[2]	2.000000	2.000000	fail (count)
EOG091G11PB	0	1	[2]	2.000000	2.000000	fail (count)
EOG091G1757	0	1	[1]	1.000000	1.000000	fail (count)
EOG091G1A3H	1	1	[1, 1]	1.000000	1.000000	fail (count)
EOG091G0FH3	1	0	[1]	1.000000	1.000000	fail (count)
EOG091G10MO	1	0	[1]	1.000000	1.000000	fail (count)
EOG091G048B	1	0	[1]	1.000000	1.000000	fail (count)
# Evaluated 902 BUSCOs - 413 (45.79 %) passed
