Sample,sample_order,Library,Forest,Replicate,Species,Fwd_barcode,Fwd_barcode_name,Rev_barcode,Rev_barcode_name,Full_Fwd_primer,Full_rev_primer
THB_BET,1,1,Thetford,B,Betula_pendula,TCGCCTTA,N701,TAGATCGC,N501,GGWACWGGWTGAACWGTWTAYCCYCC,GTCTCGTGGGCTCGGAGATGTGTATAAGAGACAGTAGATCGCTAIACYTCIGGRTGICCRAARAAYCA
THA_OAK,2,1,Thetford,A,Quercus_robur,CTAGTACG,N702,CTCTCTAT,N502,GGWACWGGWTGAACWGTWTAYCCYCC,GTCTCGTGGGCTCGGAGATGTGTATAAGAGACAGCTCTCTATTAIACYTCIGGRTGICCRAARAAYCA
THC_OAK,3,1,Thetford,C,Quercus_robur,TTCTGCCT,N703,TATCCTCT,N503,GGWACWGGWTGAACWGTWTAYCCYCC,GTCTCGTGGGCTCGGAGATGTGTATAAGAGACAGTATCCTCTTAIACYTCIGGRTGICCRAARAAYCA
THA_BEE,4,1,Thetford,A,Fagus_sylvatica,GCTCAGGA,N704,AGAGTAGA,N504,GGWACWGGWTGAACWGTWTAYCCYCC,GTCTCGTGGGCTCGGAGATGTGTATAAGAGACAGAGAGTAGATAIACYTCIGGRTGICCRAARAAYCA
BWB_BEE,5,1,Bishops_Wood,B,Fagus_sylvatica,AGGAGTCC,N705,GTAAGGAG,N505,GGWACWGGWTGAACWGTWTAYCCYCC,GTCTCGTGGGCTCGGAGATGTGTATAAGAGACAGGTAAGGAGTAIACYTCIGGRTGICCRAARAAYCA
BWC_OAK,6,1,Bishops_Wood,C,Quercus_robur,CATGCCTA,N706,ACTGCATA,N506,GGWACWGGWTGAACWGTWTAYCCYCC,GTCTCGTGGGCTCGGAGATGTGTATAAGAGACAGACTGCATATAIACYTCIGGRTGICCRAARAAYCA
BWC_BEE,7,1,Bishops_Wood,C,Fagus_sylvatica,GTAGAGAG,N707,AAGGAGTA,N507,GGWACWGGWTGAACWGTWTAYCCYCC,GTCTCGTGGGCTCGGAGATGTGTATAAGAGACAGAAGGAGTATAIACYTCIGGRTGICCRAARAAYCA
BWA_BET,8,1,Bishops_Wood,A,Betula_pendula,CCTCTCTG,N708,CTAAGCCT,N508,GGWACWGGWTGAACWGTWTAYCCYCC,GTCTCGTGGGCTCGGAGATGTGTATAAGAGACAGCTAAGCCTTAIACYTCIGGRTGICCRAARAAYCA
AHC_HAZ,9,1,Alice_Holt,C,Corylus_avellana,AGCGTAGC,N709,TAGATCGC,N501,GGWACWGGWTGAACWGTWTAYCCYCC,GTCTCGTGGGCTCGGAGATGTGTATAAGAGACAGTAGATCGCTAIACYTCIGGRTGICCRAARAAYCA
AHB_BEE,10,1,Alice_Holt,B,Fagus_sylvatica,CAGCCTCG,N710,CTCTCTAT,N502,GGWACWGGWTGAACWGTWTAYCCYCC,GTCTCGTGGGCTCGGAGATGTGTATAAGAGACAGCTCTCTATTAIACYTCIGGRTGICCRAARAAYCA
DNApositive1,11,1,N/A,N/A,N/A,TGCCTCTT,N711,TATCCTCT,N503,GGWACWGGWTGAACWGTWTAYCCYCC,GTCTCGTGGGCTCGGAGATGTGTATAAGAGACAGTATCCTCTTAIACYTCIGGRTGICCRAARAAYCA
negative1,12,1,N/A,N/A,N/A,TCCTCTAC,N712,AGAGTAGA,N504,GGWACWGGWTGAACWGTWTAYCCYCC,GTCTCGTGGGCTCGGAGATGTGTATAAGAGACAGAGAGTAGATAIACYTCIGGRTGICCRAARAAYCA
AHC_ASH,1,2,Alice_Holt,C,Fraxinus_excelsior,TCGCCTTA,N701,TAGATCGC,N501,GGWACWGGWTGAACWGTWTAYCCYCC,GTCTCGTGGGCTCGGAGATGTGTATAAGAGACAGTAGATCGCTAIACYTCIGGRTGICCRAARAAYCA
THA_ASH,2,2,Thetford,A,Fraxinus_excelsior,CTAGTACG,N702,CTCTCTAT,N502,GGWACWGGWTGAACWGTWTAYCCYCC,GTCTCGTGGGCTCGGAGATGTGTATAAGAGACAGCTCTCTATTAIACYTCIGGRTGICCRAARAAYCA
BWB_HAZ,3,2,Bishops_Wood,B,Corylus_avellana,TTCTGCCT,N703,TATCCTCT,N503,GGWACWGGWTGAACWGTWTAYCCYCC,GTCTCGTGGGCTCGGAGATGTGTATAAGAGACAGTATCCTCTTAIACYTCIGGRTGICCRAARAAYCA
AHB_BET,4,2,Alice_Holt,B,Betula_pendula,GCTCAGGA,N704,AGAGTAGA,N504,GGWACWGGWTGAACWGTWTAYCCYCC,GTCTCGTGGGCTCGGAGATGTGTATAAGAGACAGAGAGTAGATAIACYTCIGGRTGICCRAARAAYCA
THB_BEE,5,2,Thetford,B,Fagus_sylvatica,AGGAGTCC,N705,GTAAGGAG,N505,GGWACWGGWTGAACWGTWTAYCCYCC,GTCTCGTGGGCTCGGAGATGTGTATAAGAGACAGGTAAGGAGTAIACYTCIGGRTGICCRAARAAYCA
BWA_ASH,6,2,Bishops_Wood,A,Fraxinus_excelsior,CATGCCTA,N706,ACTGCATA,N506,GGWACWGGWTGAACWGTWTAYCCYCC,GTCTCGTGGGCTCGGAGATGTGTATAAGAGACAGACTGCATATAIACYTCIGGRTGICCRAARAAYCA
AHA_BEE,7,2,Alice_Holt,A,Fagus_sylvatica,GTAGAGAG,N707,AAGGAGTA,N507,GGWACWGGWTGAACWGTWTAYCCYCC,GTCTCGTGGGCTCGGAGATGTGTATAAGAGACAGAAGGAGTATAIACYTCIGGRTGICCRAARAAYCA
BWC_BET,8,2,Bishops_Wood,C,Betula_pendula,CCTCTCTG,N708,CTAAGCCT,N508,GGWACWGGWTGAACWGTWTAYCCYCC,GTCTCGTGGGCTCGGAGATGTGTATAAGAGACAGCTAAGCCTTAIACYTCIGGRTGICCRAARAAYCA
AHA_BET,9,2,Alice_Holt,A,Betula_pendula,AGCGTAGC,N709,TAGATCGC,N501,GGWACWGGWTGAACWGTWTAYCCYCC,GTCTCGTGGGCTCGGAGATGTGTATAAGAGACAGTAGATCGCTAIACYTCIGGRTGICCRAARAAYCA
BWA_HAZ,10,2,Bishops_Wood,A,Corylus_avellana,CAGCCTCG,N710,CTCTCTAT,N502,GGWACWGGWTGAACWGTWTAYCCYCC,GTCTCGTGGGCTCGGAGATGTGTATAAGAGACAGCTCTCTATTAIACYTCIGGRTGICCRAARAAYCA
DNApositive2,11,2,N/A,N/A,N/A,TGCCTCTT,N711,TATCCTCT,N503,GGWACWGGWTGAACWGTWTAYCCYCC,GTCTCGTGGGCTCGGAGATGTGTATAAGAGACAGTATCCTCTTAIACYTCIGGRTGICCRAARAAYCA
negative2,12,2,N/A,N/A,N/A,TCCTCTAC,N712,AGAGTAGA,N504,GGWACWGGWTGAACWGTWTAYCCYCC,GTCTCGTGGGCTCGGAGATGTGTATAAGAGACAGAGAGTAGATAIACYTCIGGRTGICCRAARAAYCA
BWC_ASH,1,3,Bishops_Wood,C,Fraxinus_excelsior,TCGCCTTA,N701,TAGATCGC,N501,GGWACWGGWTGAACWGTWTAYCCYCC,GTCTCGTGGGCTCGGAGATGTGTATAAGAGACAGTAGATCGCTAIACYTCIGGRTGICCRAARAAYCA
BWA_OAK,2,3,Bishops_Wood,A,Quercus_robur,CTAGTACG,N702,CTCTCTAT,N502,GGWACWGGWTGAACWGTWTAYCCYCC,GTCTCGTGGGCTCGGAGATGTGTATAAGAGACAGCTCTCTATTAIACYTCIGGRTGICCRAARAAYCA
AHA_OAK,3,3,Alice_Holt,A,Quercus_robur,TTCTGCCT,N703,TATCCTCT,N503,GGWACWGGWTGAACWGTWTAYCCYCC,GTCTCGTGGGCTCGGAGATGTGTATAAGAGACAGTATCCTCTTAIACYTCIGGRTGICCRAARAAYCA
BWC_HAZ,4,3,Bishops_Wood,C,Corylus_avellana,GCTCAGGA,N704,AGAGTAGA,N504,GGWACWGGWTGAACWGTWTAYCCYCC,GTCTCGTGGGCTCGGAGATGTGTATAAGAGACAGAGAGTAGATAIACYTCIGGRTGICCRAARAAYCA
AHA_HAZ,5,3,Alice_Holt,A,Corylus_avellana,AGGAGTCC,N705,GTAAGGAG,N505,GGWACWGGWTGAACWGTWTAYCCYCC,GTCTCGTGGGCTCGGAGATGTGTATAAGAGACAGGTAAGGAGTAIACYTCIGGRTGICCRAARAAYCA
AHB_ASH,6,3,Alice_Holt,B,Fraxinus_excelsior,CATGCCTA,N706,ACTGCATA,N506,GGWACWGGWTGAACWGTWTAYCCYCC,GTCTCGTGGGCTCGGAGATGTGTATAAGAGACAGACTGCATATAIACYTCIGGRTGICCRAARAAYCA
AHC_OAK,7,3,Alice_Holt,C,Quercus_robur,GTAGAGAG,N707,AAGGAGTA,N507,GGWACWGGWTGAACWGTWTAYCCYCC,GTCTCGTGGGCTCGGAGATGTGTATAAGAGACAGAAGGAGTATAIACYTCIGGRTGICCRAARAAYCA
BWA_BEE,8,3,Bishops_Wood,A,Fagus_sylvatica,CCTCTCTG,N708,CTAAGCCT,N508,GGWACWGGWTGAACWGTWTAYCCYCC,GTCTCGTGGGCTCGGAGATGTGTATAAGAGACAGCTAAGCCTTAIACYTCIGGRTGICCRAARAAYCA
THA_BET,9,3,Thetford,A,Betula_pendula,AGCGTAGC,N709,TAGATCGC,N501,GGWACWGGWTGAACWGTWTAYCCYCC,GTCTCGTGGGCTCGGAGATGTGTATAAGAGACAGTAGATCGCTAIACYTCIGGRTGICCRAARAAYCA
AHA_ASH,10,3,Alice_Holt,A,Fraxinus_excelsior,CAGCCTCG,N710,CTCTCTAT,N502,GGWACWGGWTGAACWGTWTAYCCYCC,GTCTCGTGGGCTCGGAGATGTGTATAAGAGACAGCTCTCTATTAIACYTCIGGRTGICCRAARAAYCA
DNApositive3,11,3,N/A,N/A,N/A,TGCCTCTT,N711,TATCCTCT,N503,GGWACWGGWTGAACWGTWTAYCCYCC,GTCTCGTGGGCTCGGAGATGTGTATAAGAGACAGTATCCTCTTAIACYTCIGGRTGICCRAARAAYCA
negative3,12,3,N/A,N/A,N/A,TCCTCTAC,N712,AGAGTAGA,N504,GGWACWGGWTGAACWGTWTAYCCYCC,GTCTCGTGGGCTCGGAGATGTGTATAAGAGACAGAGAGTAGATAIACYTCIGGRTGICCRAARAAYCA
THB_OAK,1,4,Thetford,B,Quercus_robur,TCGCCTTA,N701,TAGATCGC,N501,GGWACWGGWTGAACWGTWTAYCCYCC,GTCTCGTGGGCTCGGAGATGTGTATAAGAGACAGTAGATCGCTAIACYTCIGGRTGICCRAARAAYCA
THB_ASH,2,4,Thetford,B,Fraxinus_excelsior,CTAGTACG,N702,CTCTCTAT,N502,GGWACWGGWTGAACWGTWTAYCCYCC,GTCTCGTGGGCTCGGAGATGTGTATAAGAGACAGCTCTCTATTAIACYTCIGGRTGICCRAARAAYCA
BWB_ASH,3,4,Bishops_Wood,B,Fraxinus_excelsior,TTCTGCCT,N703,TATCCTCT,N503,GGWACWGGWTGAACWGTWTAYCCYCC,GTCTCGTGGGCTCGGAGATGTGTATAAGAGACAGTATCCTCTTAIACYTCIGGRTGICCRAARAAYCA
AHB_OAK,4,4,Alice_Holt,B,Quercus_robur,GCTCAGGA,N704,AGAGTAGA,N504,GGWACWGGWTGAACWGTWTAYCCYCC,GTCTCGTGGGCTCGGAGATGTGTATAAGAGACAGAGAGTAGATAIACYTCIGGRTGICCRAARAAYCA
BWB_OAK,5,4,Bishops_Wood,B,Quercus_robur,AGGAGTCC,N705,GTAAGGAG,N505,GGWACWGGWTGAACWGTWTAYCCYCC,GTCTCGTGGGCTCGGAGATGTGTATAAGAGACAGGTAAGGAGTAIACYTCIGGRTGICCRAARAAYCA
AHC_BET,6,4,Alice_Holt,C,Betula_pendula,CATGCCTA,N706,ACTGCATA,N506,GGWACWGGWTGAACWGTWTAYCCYCC,GTCTCGTGGGCTCGGAGATGTGTATAAGAGACAGACTGCATATAIACYTCIGGRTGICCRAARAAYCA
BWB_BET,7,4,Bishops_Wood,B,Betula_pendula,GTAGAGAG,N707,AAGGAGTA,N507,GGWACWGGWTGAACWGTWTAYCCYCC,GTCTCGTGGGCTCGGAGATGTGTATAAGAGACAGAAGGAGTATAIACYTCIGGRTGICCRAARAAYCA
THC_ASH,8,4,Thetford,C,Fraxinus_excelsior,CCTCTCTG,N708,CTAAGCCT,N508,GGWACWGGWTGAACWGTWTAYCCYCC,GTCTCGTGGGCTCGGAGATGTGTATAAGAGACAGCTAAGCCTTAIACYTCIGGRTGICCRAARAAYCA
THC_BEE,9,4,Thetford,C,Fagus_sylvatica,AGCGTAGC,N709,TAGATCGC,N501,GGWACWGGWTGAACWGTWTAYCCYCC,GTCTCGTGGGCTCGGAGATGTGTATAAGAGACAGTAGATCGCTAIACYTCIGGRTGICCRAARAAYCA
DNApositive4,10,4,N/A,N/A,N/A,CAGCCTCG,N710,CTCTCTAT,N502,GGWACWGGWTGAACWGTWTAYCCYCC,GTCTCGTGGGCTCGGAGATGTGTATAAGAGACAGCTCTCTATTAIACYTCIGGRTGICCRAARAAYCA
negative4,11,4,N/A,N/A,N/A,TGCCTCTT,N711,TATCCTCT,N503,GGWACWGGWTGAACWGTWTAYCCYCC,GTCTCGTGGGCTCGGAGATGTGTATAAGAGACAGTATCCTCTTAIACYTCIGGRTGICCRAARAAYCA
